"Date","Niveau","Allonge","Assis","SessionID","formattedDate"
"1618937885","2","True","True","ed73e2a7-8f8a-493c-9388-c7cc4714b0ad","20/04/2021"
"1618937885","2","True","True","ed73e2a7-8f8a-493c-9388-c7cc4714b0ad","20/04/2021"
"1618937885","2","True","False","ed73e2a7-8f8a-493c-9388-c7cc4714b0ad","20/04/2021"
"1618937885","2","True","True","ed73e2a7-8f8a-493c-9388-c7cc4714b0ad","20/04/2021"
"1618937885","1","True","False","ed73e2a7-8f8a-493c-9388-c7cc4714b0ad","20/04/2021"
"1618941909","2","True","True","fd305c40-0331-4bc3-a23b-aac2626fdfa2","20/04/2021"
"1618941909","2","True","False","fd305c40-0331-4bc3-a23b-aac2626fdfa2","20/04/2021"
"1618990359","2","True","False","ed73e2a7-8f8a-493c-9388-c7cc4714b0ad","21/04/2021"
"1618996829","2","True","False","1e481168-243e-4e64-87d3-a2b5085a77a2","21/04/2021"
"1619017490","2","True","False","1e481168-243e-4e64-87d3-a2b5085a77a2","21/04/2021"
"1619078922","1","True","True","1e481168-243e-4e64-87d3-a2b5085a77a2","22/04/2021"
"1619078943","2","False","True","1e481168-243e-4e64-87d3-a2b5085a77a2","22/04/2021"
"1619194983","2","True","True","61bd67df-eb17-4735-8012-7575b1481f90","23/04/2021"
"1619688389","1","True","True","1e481168-243e-4e64-87d3-a2b5085a77a2","29/04/2021"
"1619691575","1","False","True","1e481168-243e-4e64-87d3-a2b5085a77a2","29/04/2021"
"1619691674","1","True","True","1e481168-243e-4e64-87d3-a2b5085a77a2","29/04/2021"
"1619692916","1","True","True","1e481168-243e-4e64-87d3-a2b5085a77a2","29/04/2021"
"1619693153","2","True","True","1e481168-243e-4e64-87d3-a2b5085a77a2","29/04/2021"
"1619706411","1","True","True","91acf8b2-d8cf-45bd-aee9-8c02fec61f8b","29/04/2021"
"1619707102","1","True","True","194f4e80-25ad-487f-8747-2c5da905a653","29/04/2021"
"1619707220","2","False","True","91acf8b2-d8cf-45bd-aee9-8c02fec61f8b","29/04/2021"
"1619710611","1","False","True","44d0db97-71ee-45d5-959e-3b889cbd81d4","29/04/2021"
"1619711543","1","False","True","44d0db97-71ee-45d5-959e-3b889cbd81d4","29/04/2021"
"1620309631","1","True","False","cad760c3-d190-4c11-ab61-cee1c66be06c","06/05/2021"
"1620312355","1","True","True","eb48fd7c-ebae-463b-849c-99b5bcc751b1","06/05/2021"
"1620312498","2","False","True","eb48fd7c-ebae-463b-849c-99b5bcc751b1","06/05/2021"
"1620314829","1","True","True","b6b4c73e-e61e-4fe9-82e8-e19f63b1e387","06/05/2021"
"1620316518","2","False","True","c40ab857-bd3a-4adf-9215-935ff8a378e3","06/05/2021"
"1620316631","1","True","True","c40ab857-bd3a-4adf-9215-935ff8a378e3","06/05/2021"
"1620319104","1","True","True","32721814-2373-4c40-ba6d-69883c4ee867","06/05/2021"
"1620319161","2","False","True","32721814-2373-4c40-ba6d-69883c4ee867","06/05/2021"
"1620322140","1","True","True","7c4efd80-32c5-4a48-a7c3-be219cba3af6","06/05/2021"
"1620323537","2","False","True","46e4bad6-bab1-4cd3-818b-b6d2dd6b2e03","06/05/2021"
"1620323925","1","True","False","d3521f9f-86ca-485e-857b-02c8fe3450b2","06/05/2021"
"1620388718","1","True","True","818eb854-5ac2-4bff-9be6-ef98febd9259","07/05/2021"
"1620409704","1","True","True","00bedcee-0926-40fb-8336-2ea1faed00d2","07/05/2021"
"1620641629","1","False","True","db7ed94a-b3f5-4fab-81e2-eb4004d30615","10/05/2021"
"1620827055","1","True","False","00bedcee-0926-40fb-8336-2ea1faed00d2","12/05/2021"
"1620827330","1","True","True","00bedcee-0926-40fb-8336-2ea1faed00d2","12/05/2021"
"1622023393","1","False","True","9cbbf9a3-cc7e-4b5b-a321-2f5b5cbb6900","26/05/2021"
"1622025215","1","False","True","aa60b339-8f62-482d-b51d-7d16326d6975","26/05/2021"
"1622025827","1","False","True","9cbbf9a3-cc7e-4b5b-a321-2f5b5cbb6900","26/05/2021"
"1622025931","1","True","False","9cbbf9a3-cc7e-4b5b-a321-2f5b5cbb6900","26/05/2021"
"1622026479","1","False","True","9cbbf9a3-cc7e-4b5b-a321-2f5b5cbb6900","26/05/2021"
"1622026634","1","False","True","9cbbf9a3-cc7e-4b5b-a321-2f5b5cbb6900","26/05/2021"
"1622026884","1","False","True","9cbbf9a3-cc7e-4b5b-a321-2f5b5cbb6900","26/05/2021"
"1622028490","1","False","True","9cbbf9a3-cc7e-4b5b-a321-2f5b5cbb6900","26/05/2021"
"1622041956","1","False","True","9cbbf9a3-cc7e-4b5b-a321-2f5b5cbb6900","26/05/2021"
"1622041975","1","True","False","9cbbf9a3-cc7e-4b5b-a321-2f5b5cbb6900","26/05/2021"
"1622043127","1","False","True","9cbbf9a3-cc7e-4b5b-a321-2f5b5cbb6900","26/05/2021"
"1622043666","1","False","True","9cbbf9a3-cc7e-4b5b-a321-2f5b5cbb6900","26/05/2021"
"1622043771","1","False","True","9cbbf9a3-cc7e-4b5b-a321-2f5b5cbb6900","26/05/2021"
"1622043782","1","False","True","9cbbf9a3-cc7e-4b5b-a321-2f5b5cbb6900","26/05/2021"
"1622044368","1","False","True","9cbbf9a3-cc7e-4b5b-a321-2f5b5cbb6900","26/05/2021"
"1622044370","1","False","True","9cbbf9a3-cc7e-4b5b-a321-2f5b5cbb6900","26/05/2021"
"1622044411","1","True","False","9cbbf9a3-cc7e-4b5b-a321-2f5b5cbb6900","26/05/2021"
"1622117475","1","False","True","886cc0f8-49b7-46cf-b634-e34b21ab9ac9","27/05/2021"
"1622117650","1","False","True","886cc0f8-49b7-46cf-b634-e34b21ab9ac9","27/05/2021"
"1622118812","1","False","True","886cc0f8-49b7-46cf-b634-e34b21ab9ac9","27/05/2021"
"1622119220","1","False","True","886cc0f8-49b7-46cf-b634-e34b21ab9ac9","27/05/2021"
"1622119380","1","False","True","886cc0f8-49b7-46cf-b634-e34b21ab9ac9","27/05/2021"
"1622121559","1","False","True","8c78d93d-f931-46df-ae1c-d00e8e98944d","27/05/2021"
"1622122294","1","False","True","8c78d93d-f931-46df-ae1c-d00e8e98944d","27/05/2021"
"1622122340","1","False","True","8c78d93d-f931-46df-ae1c-d00e8e98944d","27/05/2021"
"1622124203","1","False","True","db740bce-eb64-4a1f-ae11-cd1d23086947","27/05/2021"
"1622126062","1","False","True","db740bce-eb64-4a1f-ae11-cd1d23086947","27/05/2021"
"1622130638","1","False","True","62381b62-5233-430c-9197-41118c91a205","27/05/2021"
"1622131035","1","False","True","62381b62-5233-430c-9197-41118c91a205","27/05/2021"
"1622131699","1","True","False","62381b62-5233-430c-9197-41118c91a205","27/05/2021"
"1622132965","1","False","True","62381b62-5233-430c-9197-41118c91a205","27/05/2021"
"1622133058","1","False","True","62381b62-5233-430c-9197-41118c91a205","27/05/2021"
"1622133468","1","False","True","62381b62-5233-430c-9197-41118c91a205","27/05/2021"
"1622134698","1","False","True","2c9192c3-5fac-43f4-ab78-f4cf5e964fe0","27/05/2021"
"1622198410","1","False","True","62381b62-5233-430c-9197-41118c91a205","28/05/2021"
"1622200527","1","False","True","62381b62-5233-430c-9197-41118c91a205","28/05/2021"
"1622202541","2","False","True","2c9192c3-5fac-43f4-ab78-f4cf5e964fe0","28/05/2021"
"1622202709","1","False","True","62381b62-5233-430c-9197-41118c91a205","28/05/2021"
"1622209901","1","False","True","b6035b8e-dcc6-451b-b62f-6e378b1c2327","28/05/2021"
"1622210654","1","False","True","b6035b8e-dcc6-451b-b62f-6e378b1c2327","28/05/2021"
"1622455999","1","False","True","625f157c-d26f-4dfa-998a-34fc98dea944","31/05/2021"
"1622456116","1","True","False","625f157c-d26f-4dfa-998a-34fc98dea944","31/05/2021"
"1622456205","1","False","True","625f157c-d26f-4dfa-998a-34fc98dea944","31/05/2021"
"1622456362","1","True","False","625f157c-d26f-4dfa-998a-34fc98dea944","31/05/2021"
"1622456447","1","False","True","625f157c-d26f-4dfa-998a-34fc98dea944","31/05/2021"
"1622460859","1","False","True","625f157c-d26f-4dfa-998a-34fc98dea944","31/05/2021"
"1622460959","1","True","False","625f157c-d26f-4dfa-998a-34fc98dea944","31/05/2021"
"1622467392","1","True","False","625f157c-d26f-4dfa-998a-34fc98dea944","31/05/2021"
"1622468625","2","True","False","625f157c-d26f-4dfa-998a-34fc98dea944","31/05/2021"
"1622468630","1","True","False","53dfde54-d3d6-4dad-8055-cee70f699282","31/05/2021"
"1622468662","2","True","False","625f157c-d26f-4dfa-998a-34fc98dea944","31/05/2021"
"1622469038","1","True","True","53dfde54-d3d6-4dad-8055-cee70f699282","31/05/2021"
"1622473340","1","False","True","b352768c-c8f9-42c1-8a41-901f9afd5172","31/05/2021"
"1622478643","1","False","True","b352768c-c8f9-42c1-8a41-901f9afd5172","31/05/2021"
"1622478913","1","False","True","b352768c-c8f9-42c1-8a41-901f9afd5172","31/05/2021"
"1622479250","1","True","False","53dfde54-d3d6-4dad-8055-cee70f699282","31/05/2021"
"1622486966","1","True","False","625f157c-d26f-4dfa-998a-34fc98dea944","31/05/2021"
"1622558343","1","False","True","4ab07b8c-6201-4ada-9eb6-466c7a9b702b","01/06/2021"
"1622559571","1","False","True","4ab07b8c-6201-4ada-9eb6-466c7a9b702b","01/06/2021"
"1622559701","1","False","True","4ab07b8c-6201-4ada-9eb6-466c7a9b702b","01/06/2021"
"1622578600","1","True","True","625f157c-d26f-4dfa-998a-34fc98dea944","01/06/2021"
"1622626207","1","False","True","4ab07b8c-6201-4ada-9eb6-466c7a9b702b","02/06/2021"
"1622626825","1","False","True","4ab07b8c-6201-4ada-9eb6-466c7a9b702b","02/06/2021"
"1622717755","1","False","True","4ab07b8c-6201-4ada-9eb6-466c7a9b702b","03/06/2021"
"1622729809","1","True","False","760b55f5-9961-493b-bfc2-69cc314f60e5","03/06/2021"
"1622731535","1","True","False","53dfde54-d3d6-4dad-8055-cee70f699282","03/06/2021"
"1622740157","1","False","True","313f8d3c-7b31-494b-9659-594961acca8a","03/06/2021"
"1622740723","1","True","False","313f8d3c-7b31-494b-9659-594961acca8a","03/06/2021"
"1622744620","1","False","True","313f8d3c-7b31-494b-9659-594961acca8a","03/06/2021"
"1622794817","1","False","True","313f8d3c-7b31-494b-9659-594961acca8a","04/06/2021"
"1622794847","1","False","True","313f8d3c-7b31-494b-9659-594961acca8a","04/06/2021"
"1622801840","1","True","False","625f157c-d26f-4dfa-998a-34fc98dea944","04/06/2021"
"1622801930","1","True","False","625f157c-d26f-4dfa-998a-34fc98dea944","04/06/2021"
"1623001623","2","True","True","625f157c-d26f-4dfa-998a-34fc98dea944","06/06/2021"
"1623055111","1","False","True","625f157c-d26f-4dfa-998a-34fc98dea944","07/06/2021"
"1623055184","1","True","False","1de26e33-b7bd-4171-8711-43de9e844891","07/06/2021"
"1623055222","1","True","False","1de26e33-b7bd-4171-8711-43de9e844891","07/06/2021"
"1623068896","1","True","True","625f157c-d26f-4dfa-998a-34fc98dea944","07/06/2021"
"1623144709","1","False","True","625f157c-d26f-4dfa-998a-34fc98dea944","08/06/2021"
"1623172578","1","True","True","625f157c-d26f-4dfa-998a-34fc98dea944","08/06/2021"
"1623250411","1","False","True","8e85a8ae-d813-409b-8077-afe7021035b1","09/06/2021"
"1623250469","1","False","True","8e85a8ae-d813-409b-8077-afe7021035b1","09/06/2021"
"1623251639","1","False","True","625f157c-d26f-4dfa-998a-34fc98dea944","09/06/2021"
"1623258731","2","False","True","3cc1d74f-5f84-4fc0-b9d1-d88810e4766d","09/06/2021"
"1623319887","1","False","True","f7dd4ead-0523-40bb-a6a0-4f61cfd3dbb2","10/06/2021"
"1623323190","1","False","True","f7dd4ead-0523-40bb-a6a0-4f61cfd3dbb2","10/06/2021"
"1623336776","1","False","True","5cfff394-127d-47d5-ad33-8de62399f6f4","10/06/2021"
"1623339651","1","False","True","5cfff394-127d-47d5-ad33-8de62399f6f4","10/06/2021"
"1623339674","1","True","False","5cfff394-127d-47d5-ad33-8de62399f6f4","10/06/2021"
"1623340461","1","True","True","5cfff394-127d-47d5-ad33-8de62399f6f4","10/06/2021"
"1623341753","2","True","True","3cc1d74f-5f84-4fc0-b9d1-d88810e4766d","10/06/2021"
"1623343334","1","False","True","9c296b27-d215-4215-8053-deca562f05a9","10/06/2021"
"1623343869","2","False","True","3cc1d74f-5f84-4fc0-b9d1-d88810e4766d","10/06/2021"
"1623347874","1","False","True","3cc1d74f-5f84-4fc0-b9d1-d88810e4766d","10/06/2021"
"1623356203","2","True","True","3cc1d74f-5f84-4fc0-b9d1-d88810e4766d","10/06/2021"
"1623407633","1","False","True","10377fd9-d647-4b11-aff6-73dc8186399c","11/06/2021"
"1623411556","1","False","True","10377fd9-d647-4b11-aff6-73dc8186399c","11/06/2021"
"1623685893","1","False","True","3cc1d74f-5f84-4fc0-b9d1-d88810e4766d","14/06/2021"
"1623688559","1","True","True","3cc1d74f-5f84-4fc0-b9d1-d88810e4766d","14/06/2021"
"1623689116","1","True","True","3cc1d74f-5f84-4fc0-b9d1-d88810e4766d","14/06/2021"
"1623689252","1","False","True","88f5e777-136c-47d3-85b6-7b20b9e8c133","14/06/2021"
"1623768657","1","False","True","3cc1d74f-5f84-4fc0-b9d1-d88810e4766d","15/06/2021"
"1623775527","1","False","True","56b1b65b-1a42-4985-ae49-38fcbcab8dda","15/06/2021"
"1623777155","1","True","False","56b1b65b-1a42-4985-ae49-38fcbcab8dda","15/06/2021"
"1623853410","1","False","True","c150b44e-3589-4e6c-a4ef-97d3640b704b","16/06/2021"
"1623853860","1","False","True","c150b44e-3589-4e6c-a4ef-97d3640b704b","16/06/2021"
"1624293614","1","True","False","ee82e948-1cfe-4340-baca-c75d2e8a10f9","21/06/2021"
"1624296635","1","True","False","63a49425-1fa1-4a46-a23b-ddddc2268fd4","21/06/2021"
"1624296781","1","True","False","63a49425-1fa1-4a46-a23b-ddddc2268fd4","21/06/2021"
"1624296905","1","True","False","882e1ad7-6d74-4dd3-8e87-518a89439704","21/06/2021"
"1624353231","1","True","False","63088d11-6379-4b9a-be9d-548af55d78d7","22/06/2021"
"1624354616","1","True","False","e6abe104-1320-4263-a560-3c414b54bf5c","22/06/2021"
"1624363270","1","True","False","6f850537-f706-4cdb-bb8d-dcd94bd4990c","22/06/2021"
"1624363293","1","True","False","6f850537-f706-4cdb-bb8d-dcd94bd4990c","22/06/2021"
"1624370854","1","True","False","933e5b75-5dce-4db8-9f9b-c8d73bd321cc","22/06/2021"
"1624370863","1","False","True","933e5b75-5dce-4db8-9f9b-c8d73bd321cc","22/06/2021"
"1624373281","1","True","False","dc9cbdcd-78db-4607-9ca4-16cf34cfe787","22/06/2021"
"1624378839","1","True","False","8143720c-f585-47c7-8de5-df5b8753dac8","22/06/2021"
"1624378999","1","True","False","9f870017-3657-41a9-894c-89d54aa1e43e","22/06/2021"
"1624379427","1","True","False","67b48cb0-cb1a-4ba1-9ce7-a1b7403b3535","22/06/2021"
"1624379446","1","True","False","9e639f8a-042e-4c14-bc6b-e4202f7a3baf","22/06/2021"
"1624381058","1","True","False","269503dd-3c67-40f6-980d-505fc701a667","22/06/2021"
"1624381205","1","True","False","8eeb30f8-e10e-4f39-8b08-b51af4d1b48a","22/06/2021"
"1624435765","1","True","False","625f157c-d26f-4dfa-998a-34fc98dea944","23/06/2021"
"1624435829","1","True","False","625f157c-d26f-4dfa-998a-34fc98dea944","23/06/2021"
"1624435852","1","False","True","625f157c-d26f-4dfa-998a-34fc98dea944","23/06/2021"
"1624461181","1","True","True","25d50f82-689a-4b7d-bfc9-3a5e8e7b2d89","23/06/2021"
"1624466478","1","False","True","25d50f82-689a-4b7d-bfc9-3a5e8e7b2d89","23/06/2021"
"1624468612","1","False","True","25d50f82-689a-4b7d-bfc9-3a5e8e7b2d89","23/06/2021"
"1624635450","1","False","True","299","25/06/2021"
"1624696399","1","True","False","299","26/06/2021"
"1624900776","1","False","True","3cc1d74f-5f84-4fc0-b9d1-d88810e4766d","28/06/2021"
"1624926004","1","True","True","793d8798-5161-44cd-b3b3-4affd945f709","29/06/2021"
"1624957439","2","False","True","3cc1d74f-5f84-4fc0-b9d1-d88810e4766d","29/06/2021"
"1624958051","2","False","True","3cc1d74f-5f84-4fc0-b9d1-d88810e4766d","29/06/2021"
"1624984129","1","True","False","997da184-4c2e-4aa3-a96e-25710e68fec4","29/06/2021"
"1624984604","1","False","True","997da184-4c2e-4aa3-a96e-25710e68fec4","29/06/2021"
"1624985049","1","False","True","997da184-4c2e-4aa3-a96e-25710e68fec4","29/06/2021"
"1625053724","2","False","True","3cc1d74f-5f84-4fc0-b9d1-d88810e4766d","30/06/2021"
"1625055205","1","False","True","d556d4b1-cdce-475b-a4f5-adc53f92e0c1","30/06/2021"
"1625067541","2","False","True","3cc1d74f-5f84-4fc0-b9d1-d88810e4766d","30/06/2021"
"1625069960","2","False","True","3cc1d74f-5f84-4fc0-b9d1-d88810e4766d","30/06/2021"
"1625072121","2","False","True","3cc1d74f-5f84-4fc0-b9d1-d88810e4766d","30/06/2021"
"1625072738","2","False","True","3cc1d74f-5f84-4fc0-b9d1-d88810e4766d","30/06/2021"
"1625074828","1","False","True","64e47056-ec20-4181-8c5c-889181c35b5e","30/06/2021"
"1625075222","1","True","True","64e47056-ec20-4181-8c5c-889181c35b5e","30/06/2021"
"1625151733","2","False","True","3cc1d74f-5f84-4fc0-b9d1-d88810e4766d","01/07/2021"
"1625153172","2","False","True","3cc1d74f-5f84-4fc0-b9d1-d88810e4766d","01/07/2021"
"1625157485","2","False","True","3cc1d74f-5f84-4fc0-b9d1-d88810e4766d","01/07/2021"
"1625158836","2","False","True","3cc1d74f-5f84-4fc0-b9d1-d88810e4766d","01/07/2021"
"1625159390","2","True","False","3cc1d74f-5f84-4fc0-b9d1-d88810e4766d","01/07/2021"
"1625215492","1","True","True","70fc1f34-65b8-48d5-bb30-d7eda6282736","02/07/2021"
"1625427748","1","True","False","299","04/07/2021"
"1625481349","1","True","True","64e47056-ec20-4181-8c5c-889181c35b5e","05/07/2021"
"1625582021","1","True","False","2aba32bb-b8b9-4983-b016-a54effe47c22","06/07/2021"
"1625585053","2","False","True","3cc1d74f-5f84-4fc0-b9d1-d88810e4766d","06/07/2021"
"1625588495","2","False","True","3cc1d74f-5f84-4fc0-b9d1-d88810e4766d","06/07/2021"
"1625589128","2","False","True","3cc1d74f-5f84-4fc0-b9d1-d88810e4766d","06/07/2021"
"1625595014","1","True","False","2aba32bb-b8b9-4983-b016-a54effe47c22","06/07/2021"
"1625645254","1","True","True","2aba32bb-b8b9-4983-b016-a54effe47c22","07/07/2021"
"1625660432","1","False","True","d556d4b1-cdce-475b-a4f5-adc53f92e0c1","07/07/2021"
"1625661371","1","False","True","64e47056-ec20-4181-8c5c-889181c35b5e","07/07/2021"
"1625661752","1","True","True","64e47056-ec20-4181-8c5c-889181c35b5e","07/07/2021"
"1625671550","2","False","True","3cc1d74f-5f84-4fc0-b9d1-d88810e4766d","07/07/2021"
"1625680393","2","True","True","3cc1d74f-5f84-4fc0-b9d1-d88810e4766d","07/07/2021"
"1625748242","2","True","False","2aba32bb-b8b9-4983-b016-a54effe47c22","08/07/2021"
"1625750336","1","True","False","2aba32bb-b8b9-4983-b016-a54effe47c22","08/07/2021"
"1625754774","2","False","True","3cc1d74f-5f84-4fc0-b9d1-d88810e4766d","08/07/2021"
"1625757115","2","False","True","3cc1d74f-5f84-4fc0-b9d1-d88810e4766d","08/07/2021"
"1625758266","2","False","True","3cc1d74f-5f84-4fc0-b9d1-d88810e4766d","08/07/2021"
"1625817278","2","True","False","2aba32bb-b8b9-4983-b016-a54effe47c22","09/07/2021"
"1625817347","1","True","True","64e47056-ec20-4181-8c5c-889181c35b5e","09/07/2021"
"1625818954","1","True","True","64e47056-ec20-4181-8c5c-889181c35b5e","09/07/2021"
"1625844754","2","False","True","3cc1d74f-5f84-4fc0-b9d1-d88810e4766d","09/07/2021"
"1625948325","2","True","False","2aba32bb-b8b9-4983-b016-a54effe47c22","10/07/2021"
"1626023052","1","False","True","9ea9a8f4-ec05-4c0f-896f-a1193f109487","11/07/2021"
"1626024519","1","True","True","7786fe88-ff9d-4469-ae01-fb85f949314c","11/07/2021"
"1626030491","1","False","True","7786fe88-ff9d-4469-ae01-fb85f949314c","11/07/2021"
"1626076088","1","True","True","7786fe88-ff9d-4469-ae01-fb85f949314c","12/07/2021"
"1626126178","1","True","True","2aba32bb-b8b9-4983-b016-a54effe47c22","12/07/2021"
"1626126499","1","True","True","2aba32bb-b8b9-4983-b016-a54effe47c22","12/07/2021"
"1626168588","2","True","True","64e47056-ec20-4181-8c5c-889181c35b5e","13/07/2021"
"1626196492","2","True","False","2aba32bb-b8b9-4983-b016-a54effe47c22","13/07/2021"
"1626204260","1","True","True","f27f76cf-c9e7-4192-a701-7aa043f6771c","13/07/2021"
"1626204580","1","True","True","2aba32bb-b8b9-4983-b016-a54effe47c22","13/07/2021"
"1626275101","2","True","True","2aba32bb-b8b9-4983-b016-a54effe47c22","14/07/2021"
"1626290432","1","True","True","f27f76cf-c9e7-4192-a701-7aa043f6771c","14/07/2021"
"1626294737","2","True","False","2aba32bb-b8b9-4983-b016-a54effe47c22","14/07/2021"
"1626295143","2","True","False","2aba32bb-b8b9-4983-b016-a54effe47c22","14/07/2021"
"1626334795","1","True","True","7786fe88-ff9d-4469-ae01-fb85f949314c","15/07/2021"
"1626335283","1","True","True","7786fe88-ff9d-4469-ae01-fb85f949314c","15/07/2021"
"1626427767","2","True","True","64e47056-ec20-4181-8c5c-889181c35b5e","16/07/2021"
"1626444119","1","False","True","3cc1d74f-5f84-4fc0-b9d1-d88810e4766d","16/07/2021"
"1626445364","2","False","True","3cc1d74f-5f84-4fc0-b9d1-d88810e4766d","16/07/2021"
"1626445570","2","False","True","3cc1d74f-5f84-4fc0-b9d1-d88810e4766d","16/07/2021"
"1626462834","1","True","True","f27f76cf-c9e7-4192-a701-7aa043f6771c","16/07/2021"
"1626551938","1","True","True","f27f76cf-c9e7-4192-a701-7aa043f6771c","17/07/2021"
"1626638846","1","True","True","f27f76cf-c9e7-4192-a701-7aa043f6771c","18/07/2021"
"1626640115","1","True","True","3f5ce01b-bc79-4cf3-b5fb-4c104e6ea511","18/07/2021"
"1626711065","2","False","True","3cc1d74f-5f84-4fc0-b9d1-d88810e4766d","19/07/2021"
"1626711883","2","False","True","3cc1d74f-5f84-4fc0-b9d1-d88810e4766d","19/07/2021"
"1626727244","1","True","True","3f5ce01b-bc79-4cf3-b5fb-4c104e6ea511","19/07/2021"
"1626812325","1","True","True","3f5ce01b-bc79-4cf3-b5fb-4c104e6ea511","20/07/2021"
"1626873754","1","True","True","7786fe88-ff9d-4469-ae01-fb85f949314c","21/07/2021"
"1626883428","2","False","True","3cc1d74f-5f84-4fc0-b9d1-d88810e4766d","21/07/2021"
"1626884230","2","True","True","3cc1d74f-5f84-4fc0-b9d1-d88810e4766d","21/07/2021"
"1626887699","2","False","True","3cc1d74f-5f84-4fc0-b9d1-d88810e4766d","21/07/2021"
"1626889934","2","False","True","3cc1d74f-5f84-4fc0-b9d1-d88810e4766d","21/07/2021"
"1626898336","1","True","True","3f5ce01b-bc79-4cf3-b5fb-4c104e6ea511","21/07/2021"
"1626899186","1","True","True","f27f76cf-c9e7-4192-a701-7aa043f6771c","21/07/2021"
"1626901978","2","True","False","2aba32bb-b8b9-4983-b016-a54effe47c22","21/07/2021"
"1626964606","2","False","True","3cc1d74f-5f84-4fc0-b9d1-d88810e4766d","22/07/2021"
"1626969409","1","True","True","3f5ce01b-bc79-4cf3-b5fb-4c104e6ea511","22/07/2021"
"1626970810","2","False","True","3cc1d74f-5f84-4fc0-b9d1-d88810e4766d","22/07/2021"
"1627296624","2","True","True","625f157c-d26f-4dfa-998a-34fc98dea944","26/07/2021"
"1627300114","1","True","False","772951da-9c80-4110-87c6-b82854610b18","26/07/2021"
"1627309213","2","False","True","3cc1d74f-5f84-4fc0-b9d1-d88810e4766d","26/07/2021"
"1627314294","2","False","True","3cc1d74f-5f84-4fc0-b9d1-d88810e4766d","26/07/2021"
"1627315223","2","False","True","3cc1d74f-5f84-4fc0-b9d1-d88810e4766d","26/07/2021"
"1627332229","2","True","True","625f157c-d26f-4dfa-998a-34fc98dea944","26/07/2021"
"1627381498","2","False","True","3cc1d74f-5f84-4fc0-b9d1-d88810e4766d","27/07/2021"
"1627383512","1","True","True","772951da-9c80-4110-87c6-b82854610b18","27/07/2021"
"1627398109","2","False","True","3cc1d74f-5f84-4fc0-b9d1-d88810e4766d","27/07/2021"
"1627399478","2","False","True","3cc1d74f-5f84-4fc0-b9d1-d88810e4766d","27/07/2021"
"1627400244","2","False","True","3cc1d74f-5f84-4fc0-b9d1-d88810e4766d","27/07/2021"
"1627404116","2","False","True","3cc1d74f-5f84-4fc0-b9d1-d88810e4766d","27/07/2021"
"1627408980","2","False","True","3cc1d74f-5f84-4fc0-b9d1-d88810e4766d","27/07/2021"
"1627420473","2","True","False","2aba32bb-b8b9-4983-b016-a54effe47c22","27/07/2021"
"1627438809","1","False","True","772951da-9c80-4110-87c6-b82854610b18","28/07/2021"
"1627439076","1","True","False","772951da-9c80-4110-87c6-b82854610b18","28/07/2021"
"1627484752","2","False","True","3cc1d74f-5f84-4fc0-b9d1-d88810e4766d","28/07/2021"
"1627486234","2","False","True","3cc1d74f-5f84-4fc0-b9d1-d88810e4766d","28/07/2021"
"1627517133","1","True","True","772951da-9c80-4110-87c6-b82854610b18","29/07/2021"
"1627565355","2","False","True","3cc1d74f-5f84-4fc0-b9d1-d88810e4766d","29/07/2021"
"1627567626","2","False","True","3cc1d74f-5f84-4fc0-b9d1-d88810e4766d","29/07/2021"
"1627572307","2","False","True","3cc1d74f-5f84-4fc0-b9d1-d88810e4766d","29/07/2021"
"1627584104","1","True","True","04549e4a-4d25-4d1e-a752-c78e5bc1912c","29/07/2021"
"1627635998","1","True","True","224ace5c-1538-4ba2-963f-43d10487a598","30/07/2021"
"1627672757","1","True","True","04549e4a-4d25-4d1e-a752-c78e5bc1912c","30/07/2021"
"1627733019","2","True","True","625f157c-d26f-4dfa-998a-34fc98dea944","31/07/2021"
"1627753567","1","True","True","772951da-9c80-4110-87c6-b82854610b18","31/07/2021"
"1627838926","1","True","True","04549e4a-4d25-4d1e-a752-c78e5bc1912c","01/08/2021"
"1627847854","1","True","True","f27f76cf-c9e7-4192-a701-7aa043f6771c","01/08/2021"
"1627989048","1","True","True","772951da-9c80-4110-87c6-b82854610b18","03/08/2021"
"1627994575","2","True","True","625f157c-d26f-4dfa-998a-34fc98dea944","03/08/2021"
"1627998395","2","False","True","d556d4b1-cdce-475b-a4f5-adc53f92e0c1","03/08/2021"
"1628012130","1","True","True","04549e4a-4d25-4d1e-a752-c78e5bc1912c","03/08/2021"
"1628088224","2","True","True","3cc1d74f-5f84-4fc0-b9d1-d88810e4766d","04/08/2021"
"1628093352","2","False","True","3cc1d74f-5f84-4fc0-b9d1-d88810e4766d","04/08/2021"
"1628097219","2","False","True","3cc1d74f-5f84-4fc0-b9d1-d88810e4766d","04/08/2021"
"1628172818","2","False","True","3cc1d74f-5f84-4fc0-b9d1-d88810e4766d","05/08/2021"
"1628178115","2","False","True","3cc1d74f-5f84-4fc0-b9d1-d88810e4766d","05/08/2021"
"1628179079","2","False","True","3cc1d74f-5f84-4fc0-b9d1-d88810e4766d","05/08/2021"
"1628183959","2","False","True","3cc1d74f-5f84-4fc0-b9d1-d88810e4766d","05/08/2021"
"1628270760","1","True","True","f27f76cf-c9e7-4192-a701-7aa043f6771c","06/08/2021"
"1628420917","1","True","True","f27f76cf-c9e7-4192-a701-7aa043f6771c","08/08/2021"
"1628513367","1","True","True","9fdc536f-7175-43f5-97b1-892918f6cab8","09/08/2021"
"1628513857","1","False","True","9fdc536f-7175-43f5-97b1-892918f6cab8","09/08/2021"
"1628517772","2","True","True","9fdc536f-7175-43f5-97b1-892918f6cab8","09/08/2021"
"1628517792","1","True","False","9fdc536f-7175-43f5-97b1-892918f6cab8","09/08/2021"
"1628524180","2","False","True","3cc1d74f-5f84-4fc0-b9d1-d88810e4766d","09/08/2021"
"1628526984","2","False","True","3cc1d74f-5f84-4fc0-b9d1-d88810e4766d","09/08/2021"
"1628527704","2","False","True","3cc1d74f-5f84-4fc0-b9d1-d88810e4766d","09/08/2021"
"1628535685","2","False","True","3cc1d74f-5f84-4fc0-b9d1-d88810e4766d","09/08/2021"
"1628551068","1","True","False","83189e1f-9c8b-4fb5-8ce8-9192acdfdd31","10/08/2021"
"1628609118","2","True","True","3cc1d74f-5f84-4fc0-b9d1-d88810e4766d","10/08/2021"
"1628612142","2","False","True","3cc1d74f-5f84-4fc0-b9d1-d88810e4766d","10/08/2021"
"1628614398","1","False","True","58b3c6be-57ad-4314-8dd5-f633b1c321f2","10/08/2021"
"1628614645","1","False","True","58b3c6be-57ad-4314-8dd5-f633b1c321f2","10/08/2021"
"1628616369","2","False","True","3cc1d74f-5f84-4fc0-b9d1-d88810e4766d","10/08/2021"
"1628625722","1","True","True","f27f76cf-c9e7-4192-a701-7aa043f6771c","10/08/2021"
"1628669961","2","True","True","625f157c-d26f-4dfa-998a-34fc98dea944","11/08/2021"
"1628691031","1","True","False","2db8e78e-3ee6-4277-920a-403ab005fe7c","11/08/2021"
"1628695912","2","False","True","3cc1d74f-5f84-4fc0-b9d1-d88810e4766d","11/08/2021"
"1628696809","2","False","True","3cc1d74f-5f84-4fc0-b9d1-d88810e4766d","11/08/2021"
"1628698295","2","False","True","3cc1d74f-5f84-4fc0-b9d1-d88810e4766d","11/08/2021"
"1628699517","2","False","True","2db8e78e-3ee6-4277-920a-403ab005fe7c","11/08/2021"
"1628749613","1","True","False","58b3c6be-57ad-4314-8dd5-f633b1c321f2","12/08/2021"
"1628749843","1","True","False","58b3c6be-57ad-4314-8dd5-f633b1c321f2","12/08/2021"
"1628752041","1","False","True","58b3c6be-57ad-4314-8dd5-f633b1c321f2","12/08/2021"
"1628754077","2","True","True","625f157c-d26f-4dfa-998a-34fc98dea944","12/08/2021"
"1628774220","1","True","True","224ace5c-1538-4ba2-963f-43d10487a598","12/08/2021"
"1628774367","1","False","True","224ace5c-1538-4ba2-963f-43d10487a598","12/08/2021"
"1628865441","1","True","True","f27f76cf-c9e7-4192-a701-7aa043f6771c","13/08/2021"
"1629209354","2","False","True","3cc1d74f-5f84-4fc0-b9d1-d88810e4766d","17/08/2021"
"1629211435","2","False","True","3cc1d74f-5f84-4fc0-b9d1-d88810e4766d","17/08/2021"
"1629212387","2","False","True","3cc1d74f-5f84-4fc0-b9d1-d88810e4766d","17/08/2021"
"1629214658","2","True","True","3cc1d74f-5f84-4fc0-b9d1-d88810e4766d","17/08/2021"
"1629358923","2","True","False","7786fe88-ff9d-4469-ae01-fb85f949314c","19/08/2021"
"1629366851","2","False","True","3cc1d74f-5f84-4fc0-b9d1-d88810e4766d","19/08/2021"
"1629370187","2","False","True","3cc1d74f-5f84-4fc0-b9d1-d88810e4766d","19/08/2021"
"1629531953","1","True","False","7786fe88-ff9d-4469-ae01-fb85f949314c","21/08/2021"
"1629532385","2","True","False","7786fe88-ff9d-4469-ae01-fb85f949314c","21/08/2021"
"1630265628","1","True","True","f27f76cf-c9e7-4192-a701-7aa043f6771c","29/08/2021"
"1630415818","1","False","True","299","31/08/2021"
"1630419326","2","False","True","3cc1d74f-5f84-4fc0-b9d1-d88810e4766d","31/08/2021"
"1630439392","2","True","True","f27f76cf-c9e7-4192-a701-7aa043f6771c","31/08/2021"
"1630488525","1","True","True","dda68d3e-2bb3-4805-8e7c-14a1bf04d28a","01/09/2021"
"1630496496","2","True","True","3cc1d74f-5f84-4fc0-b9d1-d88810e4766d","01/09/2021"
"1630511473","2","False","True","3cc1d74f-5f84-4fc0-b9d1-d88810e4766d","01/09/2021"
"1630512929","2","True","True","3cc1d74f-5f84-4fc0-b9d1-d88810e4766d","01/09/2021"
"1630513526","2","False","True","3cc1d74f-5f84-4fc0-b9d1-d88810e4766d","01/09/2021"
"1630525380","2","True","True","f27f76cf-c9e7-4192-a701-7aa043f6771c","01/09/2021"
"1630593987","1","True","True","dda68d3e-2bb3-4805-8e7c-14a1bf04d28a","02/09/2021"
"1630595149","2","False","True","3cc1d74f-5f84-4fc0-b9d1-d88810e4766d","02/09/2021"
"1630596445","2","False","True","3cc1d74f-5f84-4fc0-b9d1-d88810e4766d","02/09/2021"
"1630611517","2","True","True","f27f76cf-c9e7-4192-a701-7aa043f6771c","02/09/2021"
"1630663304","1","True","True","772951da-9c80-4110-87c6-b82854610b18","03/09/2021"
"1630672425","2","True","True","10558cf0-ea2e-4a8e-8f82-e77cdc8d9a7a","03/09/2021"
"1630681269","2","False","True","3cc1d74f-5f84-4fc0-b9d1-d88810e4766d","03/09/2021"
"1630682937","2","False","True","3cc1d74f-5f84-4fc0-b9d1-d88810e4766d","03/09/2021"
"1630697083","1","True","True","d96714ed-52a4-4f44-a86b-6d82ca937599","03/09/2021"
"1630747891","1","True","True","dda68d3e-2bb3-4805-8e7c-14a1bf04d28a","04/09/2021"
"1630751697","1","True","True","772951da-9c80-4110-87c6-b82854610b18","04/09/2021"
"1630761531","2","True","True","10558cf0-ea2e-4a8e-8f82-e77cdc8d9a7a","04/09/2021"
"1630780874","2","True","True","f27f76cf-c9e7-4192-a701-7aa043f6771c","04/09/2021"
"1630782633","1","True","True","d96714ed-52a4-4f44-a86b-6d82ca937599","04/09/2021"
"1630791303","2","True","True","56","04/09/2021"
"1630828554","1","True","True","dda68d3e-2bb3-4805-8e7c-14a1bf04d28a","05/09/2021"
"1630868752","2","True","True","56","05/09/2021"
"1630870811","2","True","True","f27f76cf-c9e7-4192-a701-7aa043f6771c","05/09/2021"
"1630889919","1","True","True","772951da-9c80-4110-87c6-b82854610b18","06/09/2021"
"1630909557","1","True","False","255","06/09/2021"
"1630909694","1","False","True","255","06/09/2021"
"1630920740","1","True","True","8d1bd649-6447-4d66-ab84-dfb9a22552e4","06/09/2021"
"1630926457","1","True","True","aca5035a-8163-48f4-966a-3c0d8a85b9bc","06/09/2021"
"1630933175","2","True","True","56","06/09/2021"
"1630947268","1","True","True","224ace5c-1538-4ba2-963f-43d10487a598","06/09/2021"
"1630952854","1","True","False","d96714ed-52a4-4f44-a86b-6d82ca937599","06/09/2021"
"1630968449","1","False","True","d96714ed-52a4-4f44-a86b-6d82ca937599","07/09/2021"
"1630996681","1","True","True","255","07/09/2021"
"1631005274","1","True","True","dda68d3e-2bb3-4805-8e7c-14a1bf04d28a","07/09/2021"
"1631009416","1","True","False","1993bcb4-2cc2-4fe0-a630-28fa0b7c09b5","07/09/2021"
"1631028060","2","False","True","3cc1d74f-5f84-4fc0-b9d1-d88810e4766d","07/09/2021"
"1631029736","2","True","True","3cc1d74f-5f84-4fc0-b9d1-d88810e4766d","07/09/2021"
"1631030644","2","False","True","3cc1d74f-5f84-4fc0-b9d1-d88810e4766d","07/09/2021"
"1631037659","1","True","True","e5d2929b-5b57-4438-ae1b-eac0d3dcd465","07/09/2021"
"1631039645","1","True","True","c0ac8444-e97e-434f-b8f4-3256adca2b47","07/09/2021"
"1631042917","2","True","True","f27f76cf-c9e7-4192-a701-7aa043f6771c","07/09/2021"
"1631049858","1","True","False","1993bcb4-2cc2-4fe0-a630-28fa0b7c09b5","07/09/2021"
"1631095494","1","False","True","1993bcb4-2cc2-4fe0-a630-28fa0b7c09b5","08/09/2021"
"1631104315","2","True","True","10558cf0-ea2e-4a8e-8f82-e77cdc8d9a7a","08/09/2021"
"1631111956","1","True","True","c0ac8444-e97e-434f-b8f4-3256adca2b47","08/09/2021"
"1631130937","1","False","True","206","08/09/2021"
"1631131884","2","True","True","206","08/09/2021"
"1631149482","1","True","True","772951da-9c80-4110-87c6-b82854610b18","09/09/2021"
"1631149912","1","True","True","772951da-9c80-4110-87c6-b82854610b18","09/09/2021"
"1631189025","1","True","True","8d1bd649-6447-4d66-ab84-dfb9a22552e4","09/09/2021"
"1631198030","2","False","True","3cc1d74f-5f84-4fc0-b9d1-d88810e4766d","09/09/2021"
"1631200393","2","True","True","3cc1d74f-5f84-4fc0-b9d1-d88810e4766d","09/09/2021"
"1631202081","2","False","True","3cc1d74f-5f84-4fc0-b9d1-d88810e4766d","09/09/2021"
"1631202843","2","False","True","3cc1d74f-5f84-4fc0-b9d1-d88810e4766d","09/09/2021"
"1631205747","2","False","True","3cc1d74f-5f84-4fc0-b9d1-d88810e4766d","09/09/2021"
"1631206747","1","True","True","e5d2929b-5b57-4438-ae1b-eac0d3dcd465","09/09/2021"
"1631210289","2","True","True","56","09/09/2021"
"1631211059","2","True","True","f27f76cf-c9e7-4192-a701-7aa043f6771c","09/09/2021"
"1631212325","1","True","True","d96714ed-52a4-4f44-a86b-6d82ca937599","09/09/2021"
"1631220181","2","True","True","39baf383-518b-4003-8120-4a694cc8ef7c","09/09/2021"
"1631246900","1","False","True","772951da-9c80-4110-87c6-b82854610b18","10/09/2021"
"1631247424","1","True","False","772951da-9c80-4110-87c6-b82854610b18","10/09/2021"
"1631265196","1","True","True","8d1bd649-6447-4d66-ab84-dfb9a22552e4","10/09/2021"
"1631273835","1","True","True","e5d2929b-5b57-4438-ae1b-eac0d3dcd465","10/09/2021"
"1631274826","1","True","True","d96714ed-52a4-4f44-a86b-6d82ca937599","10/09/2021"
"1631286547","2","True","False","37c23012-323c-4f3f-9273-75be0e40ffe3","10/09/2021"
"1631286870","2","False","True","37c23012-323c-4f3f-9273-75be0e40ffe3","10/09/2021"
"1631288468","2","False","True","3cc1d74f-5f84-4fc0-b9d1-d88810e4766d","10/09/2021"
"1631289354","2","True","True","3cc1d74f-5f84-4fc0-b9d1-d88810e4766d","10/09/2021"
"1631296598","1","True","True","6350acac-02f5-40c9-96fd-b6b6779b06f5","10/09/2021"
"1631297275","2","True","True","6350acac-02f5-40c9-96fd-b6b6779b06f5","10/09/2021"
"1631298545","1","True","True","aca5035a-8163-48f4-966a-3c0d8a85b9bc","10/09/2021"
"1631300455","1","True","False","1993bcb4-2cc2-4fe0-a630-28fa0b7c09b5","10/09/2021"
"1631300572","1","False","True","1993bcb4-2cc2-4fe0-a630-28fa0b7c09b5","10/09/2021"
"1631303613","2","True","True","f27f76cf-c9e7-4192-a701-7aa043f6771c","10/09/2021"
"1631358069","2","True","True","6350acac-02f5-40c9-96fd-b6b6779b06f5","11/09/2021"
"1631364858","1","True","True","aca5035a-8163-48f4-966a-3c0d8a85b9bc","11/09/2021"
"1631371924","2","True","True","56","11/09/2021"
"1631385408","2","False","True","206","11/09/2021"
"1631385959","2","True","False","206","11/09/2021"
"1631439576","2","True","True","6350acac-02f5-40c9-96fd-b6b6779b06f5","12/09/2021"
"1631442449","2","True","True","dce589ea-29ee-44f8-9ba5-9889798eae7f","12/09/2021"
"1631442843","1","True","True","dda68d3e-2bb3-4805-8e7c-14a1bf04d28a","12/09/2021"
"1631470617","1","True","True","e5d2929b-5b57-4438-ae1b-eac0d3dcd465","12/09/2021"
"1631471005","2","True","True","f27f76cf-c9e7-4192-a701-7aa043f6771c","12/09/2021"
"1631471250","1","True","True","d96714ed-52a4-4f44-a86b-6d82ca937599","12/09/2021"
"1631474784","1","True","True","aca5035a-8163-48f4-966a-3c0d8a85b9bc","12/09/2021"
"1631532655","1","True","False","37bb3af2-a546-4726-b6f3-3570a3cbb9d3","13/09/2021"
"1631529660","1","True","True","772951da-9c80-4110-87c6-b82854610b18","13/09/2021"
"1631535052","2","True","True","10558cf0-ea2e-4a8e-8f82-e77cdc8d9a7a","13/09/2021"
"1631535086","1","False","True","59bb9473-d661-48ee-bccc-6bfdcf667ecc","13/09/2021"
"1631538237","1","True","True","8d1bd649-6447-4d66-ab84-dfb9a22552e4","13/09/2021"
"1631542590","2","False","True","3cc1d74f-5f84-4fc0-b9d1-d88810e4766d","13/09/2021"
"1631543961","2","False","True","3cc1d74f-5f84-4fc0-b9d1-d88810e4766d","13/09/2021"
"1631546532","2","False","True","3cc1d74f-5f84-4fc0-b9d1-d88810e4766d","13/09/2021"
"1631549936","1","False","True","c0deee52-ec07-4c72-a6c8-045eeb09ee71","13/09/2021"
"1631550805","2","False","True","3cc1d74f-5f84-4fc0-b9d1-d88810e4766d","13/09/2021"
"1631551406","1","True","True","59bb9473-d661-48ee-bccc-6bfdcf667ecc","13/09/2021"
"1631552359","1","False","True","59bb9473-d661-48ee-bccc-6bfdcf667ecc","13/09/2021"
"1631552354","2","False","True","56","13/09/2021"
"1631552562","2","False","True","3cc1d74f-5f84-4fc0-b9d1-d88810e4766d","13/09/2021"
"1631552769","2","True","False","56","13/09/2021"
"1631556537","1","True","True","d96714ed-52a4-4f44-a86b-6d82ca937599","13/09/2021"
"1631557382","1","True","False","56","13/09/2021"
"1631561430","2","True","True","f27f76cf-c9e7-4192-a701-7aa043f6771c","13/09/2021"
"1631563410","1","True","True","e5d2929b-5b57-4438-ae1b-eac0d3dcd465","13/09/2021"
"1631605706","1","True","True","8d1bd649-6447-4d66-ab84-dfb9a22552e4","14/09/2021"
"1631607088","1","True","True","3b594401-a7f4-432e-8d89-9d5be7fc684f","14/09/2021"
"1631614608","2","True","True","3b594401-a7f4-432e-8d89-9d5be7fc684f","14/09/2021"
"1631624815","1","True","False","37bb3af2-a546-4726-b6f3-3570a3cbb9d3","14/09/2021"
"1631629479","2","False","True","3cc1d74f-5f84-4fc0-b9d1-d88810e4766d","14/09/2021"
"1631635558","2","False","True","3cc1d74f-5f84-4fc0-b9d1-d88810e4766d","14/09/2021"
"1631642570","1","True","True","e5d2929b-5b57-4438-ae1b-eac0d3dcd465","14/09/2021"
"1631643835","2","False","True","56","14/09/2021"
"1631644264","2","True","False","56","14/09/2021"
"1631649780","2","True","True","f27f76cf-c9e7-4192-a701-7aa043f6771c","14/09/2021"
"1631656760","1","True","True","5217ff26-824b-45b0-ac94-a29c51beaa6f","14/09/2021"
"1631657179","2","True","True","206","15/09/2021"
"1631685695","1","False","True","fc693e5f-19ee-47d6-bc01-45b86bac60e2","15/09/2021"
"1631695220","2","True","True","43260a3e-3b48-4aed-b566-7edd5ba30982","15/09/2021"
"1631695967","1","True","False","43260a3e-3b48-4aed-b566-7edd5ba30982","15/09/2021"
"1631698132","1","True","True","43260a3e-3b48-4aed-b566-7edd5ba30982","15/09/2021"
"1631699956","1","False","True","43260a3e-3b48-4aed-b566-7edd5ba30982","15/09/2021"
"1631702924","1","False","True","8b96c8c7-e3d3-4b2e-b591-42ce22d502f6","15/09/2021"
"1631708023","2","True","True","37c23012-323c-4f3f-9273-75be0e40ffe3","15/09/2021"
"1631704903","1","True","True","772951da-9c80-4110-87c6-b82854610b18","15/09/2021"
"1631713737","1","True","True","43260a3e-3b48-4aed-b566-7edd5ba30982","15/09/2021"
"1631714882","2","False","True","43260a3e-3b48-4aed-b566-7edd5ba30982","15/09/2021"
"1631720243","2","False","True","3cc1d74f-5f84-4fc0-b9d1-d88810e4766d","15/09/2021"
"1631723785","1","True","True","193","15/09/2021"
"1631724046","2","True","True","3cc1d74f-5f84-4fc0-b9d1-d88810e4766d","15/09/2021"
"1631725809","1","True","False","00fec981-5e7a-487b-a985-bcaabb8ae005","15/09/2021"
"1631726042","2","True","True","3cc1d74f-5f84-4fc0-b9d1-d88810e4766d","15/09/2021"
"1631729144","1","True","True","e5d2929b-5b57-4438-ae1b-eac0d3dcd465","15/09/2021"
"1631733805","1","True","True","d96714ed-52a4-4f44-a86b-6d82ca937599","15/09/2021"
"1631735137","1","False","True","43260a3e-3b48-4aed-b566-7edd5ba30982","15/09/2021"
"1631742738","2","True","True","b2e16ed7-e0c0-43bd-ac43-422263ae06a7","15/09/2021"
"1631745359","1","True","True","aca5035a-8163-48f4-966a-3c0d8a85b9bc","16/09/2021"
"1631778223","1","True","True","43260a3e-3b48-4aed-b566-7edd5ba30982","16/09/2021"
"1631787308","2","False","True","3cc1d74f-5f84-4fc0-b9d1-d88810e4766d","16/09/2021"
"1631793861","1","True","False","37bb3af2-a546-4726-b6f3-3570a3cbb9d3","16/09/2021"
"1631795925","1","True","False","37bb3af2-a546-4726-b6f3-3570a3cbb9d3","16/09/2021"
"1631796435","2","True","True","56","16/09/2021"
"1631796485","1","True","True","43260a3e-3b48-4aed-b566-7edd5ba30982","16/09/2021"
"1631796625","1","True","False","37bb3af2-a546-4726-b6f3-3570a3cbb9d3","16/09/2021"
"1631797130","1","True","False","37bb3af2-a546-4726-b6f3-3570a3cbb9d3","16/09/2021"
"1631798570","1","True","True","111","16/09/2021"
"1631801601","1","True","True","aca5035a-8163-48f4-966a-3c0d8a85b9bc","16/09/2021"
"1631816293","2","True","True","f27f76cf-c9e7-4192-a701-7aa043f6771c","16/09/2021"
"1631817338","2","True","True","e5d2929b-5b57-4438-ae1b-eac0d3dcd465","16/09/2021"
"1631820566","1","True","True","43260a3e-3b48-4aed-b566-7edd5ba30982","16/09/2021"
"1631825684","1","True","True","193","16/09/2021"
"1631828979","1","True","True","d96714ed-52a4-4f44-a86b-6d82ca937599","16/09/2021"
"1631864172","1","True","False","43260a3e-3b48-4aed-b566-7edd5ba30982","17/09/2021"
"1631865615","1","True","True","43260a3e-3b48-4aed-b566-7edd5ba30982","17/09/2021"
"1631865797","2","False","True","43260a3e-3b48-4aed-b566-7edd5ba30982","17/09/2021"
"1631868128","1","True","True","405","17/09/2021"
"1631872547","1","True","True","772951da-9c80-4110-87c6-b82854610b18","17/09/2021"
"1631876379","1","False","True","bc4dbbf8-ff4e-4b55-b4fa-06b17ece9b1d","17/09/2021"
"1631878044","1","True","False","e31b34c7-4777-4485-87c5-8b0d9bb4684f","17/09/2021"
"1631883469","1","False","True","1d21818d-ead7-48e1-9977-a09039220041","17/09/2021"
"1631883606","1","False","True","1d21818d-ead7-48e1-9977-a09039220041","17/09/2021"
"1631884063","1","True","True","111","17/09/2021"
"1631884167","1","False","True","1d21818d-ead7-48e1-9977-a09039220041","17/09/2021"
"1631884470","1","True","False","1d21818d-ead7-48e1-9977-a09039220041","17/09/2021"
"1631884679","1","False","True","1d21818d-ead7-48e1-9977-a09039220041","17/09/2021"
"1631888267","1","True","False","37bb3af2-a546-4726-b6f3-3570a3cbb9d3","17/09/2021"
"1631888870","1","True","False","37bb3af2-a546-4726-b6f3-3570a3cbb9d3","17/09/2021"
"1631891566","2","True","False","37c23012-323c-4f3f-9273-75be0e40ffe3","17/09/2021"
"1631891828","2","False","True","37c23012-323c-4f3f-9273-75be0e40ffe3","17/09/2021"
"1631891968","1","True","False","37bb3af2-a546-4726-b6f3-3570a3cbb9d3","17/09/2021"
"1631902901","1","True","False","37bb3af2-a546-4726-b6f3-3570a3cbb9d3","17/09/2021"
"1631903194","1","True","True","193","17/09/2021"
"1631903506","1","True","True","43260a3e-3b48-4aed-b566-7edd5ba30982","17/09/2021"
"1631903689","2","False","True","43260a3e-3b48-4aed-b566-7edd5ba30982","17/09/2021"
"1631903869","2","False","True","43260a3e-3b48-4aed-b566-7edd5ba30982","17/09/2021"
"1631925477","1","True","True","1d21818d-ead7-48e1-9977-a09039220041","18/09/2021"
"1631943104","1","True","True","aca5035a-8163-48f4-966a-3c0d8a85b9bc","18/09/2021"
"1631950582","1","True","False","43260a3e-3b48-4aed-b566-7edd5ba30982","18/09/2021"
"1631951601","1","True","True","43260a3e-3b48-4aed-b566-7edd5ba30982","18/09/2021"
"1631951785","2","False","True","43260a3e-3b48-4aed-b566-7edd5ba30982","18/09/2021"
"1631952902","1","True","True","1d21818d-ead7-48e1-9977-a09039220041","18/09/2021"
"1631953337","2","True","True","e5d2929b-5b57-4438-ae1b-eac0d3dcd465","18/09/2021"
"1631964768","1","True","True","8d1bd649-6447-4d66-ab84-dfb9a22552e4","18/09/2021"
"1631967198","1","True","True","1993bcb4-2cc2-4fe0-a630-28fa0b7c09b5","18/09/2021"
"1631972600","1","True","True","111","18/09/2021"
"1631972666","1","True","False","1d21818d-ead7-48e1-9977-a09039220041","18/09/2021"
"1631973432","2","True","True","1d21818d-ead7-48e1-9977-a09039220041","18/09/2021"
"1631980591","1","True","True","ed4b836b-a043-4f09-b1ea-44e520665d6c","18/09/2021"
"1631985222","1","True","True","d96714ed-52a4-4f44-a86b-6d82ca937599","18/09/2021"
"1631988976","2","True","True","206","18/09/2021"
"1631998739","1","True","False","fb8301b9-5bab-455f-8013-808e9b32c9f5","18/09/2021"
"1632008327","2","True","True","1d21818d-ead7-48e1-9977-a09039220041","19/09/2021"
"1632040386","1","True","True","43260a3e-3b48-4aed-b566-7edd5ba30982","19/09/2021"
"1632040676","2","False","True","43260a3e-3b48-4aed-b566-7edd5ba30982","19/09/2021"
"1632041171","1","True","True","43260a3e-3b48-4aed-b566-7edd5ba30982","19/09/2021"
"1632041430","1","True","False","1d21818d-ead7-48e1-9977-a09039220041","19/09/2021"
"1632042184","1","False","True","1d21818d-ead7-48e1-9977-a09039220041","19/09/2021"
"1632042405","2","False","True","1d21818d-ead7-48e1-9977-a09039220041","19/09/2021"
"1632044417","2","False","True","e5d2929b-5b57-4438-ae1b-eac0d3dcd465","19/09/2021"
"1632044716","1","True","True","8d1bd649-6447-4d66-ab84-dfb9a22552e4","19/09/2021"
"1632045084","1","True","True","0f0b3552-a27d-4c07-9608-a67032c4c14f","19/09/2021"
"1632049094","1","True","True","111","19/09/2021"
"1632057460","1","True","True","43260a3e-3b48-4aed-b566-7edd5ba30982","19/09/2021"
"1632057893","1","True","True","43260a3e-3b48-4aed-b566-7edd5ba30982","19/09/2021"
"1632058421","1","True","True","43260a3e-3b48-4aed-b566-7edd5ba30982","19/09/2021"
"1632060921","2","True","True","1d21818d-ead7-48e1-9977-a09039220041","19/09/2021"
"1632072019","1","True","True","ed4b836b-a043-4f09-b1ea-44e520665d6c","19/09/2021"
"1632075755","1","True","True","193","19/09/2021"
"1632075807","1","True","True","d96714ed-52a4-4f44-a86b-6d82ca937599","19/09/2021"
"1632075836","2","True","True","206","19/09/2021"
"1632126784","2","True","True","56","20/09/2021"
"1632128333","1","True","False","37bb3af2-a546-4726-b6f3-3570a3cbb9d3","20/09/2021"
"1632128897","2","True","True","1d21818d-ead7-48e1-9977-a09039220041","20/09/2021"
"1632129994","1","True","True","7162e073-faa2-4032-95bd-4e9e728760a3","20/09/2021"
"1632133961","2","True","True","37bb3af2-a546-4726-b6f3-3570a3cbb9d3","20/09/2021"
"1632134185","1","True","True","43260a3e-3b48-4aed-b566-7edd5ba30982","20/09/2021"
"1632137500","2","True","True","37bb3af2-a546-4726-b6f3-3570a3cbb9d3","20/09/2021"
"1632139554","2","True","True","d4e6de9a-c5dc-4096-b212-6b756f4eac1a","20/09/2021"
"1632140081","2","True","True","10558cf0-ea2e-4a8e-8f82-e77cdc8d9a7a","20/09/2021"
"1632136699","1","True","True","772951da-9c80-4110-87c6-b82854610b18","20/09/2021"
"1632143258","2","True","False","37bb3af2-a546-4726-b6f3-3570a3cbb9d3","20/09/2021"
"1632143758","1","True","True","37bb3af2-a546-4726-b6f3-3570a3cbb9d3","20/09/2021"
"1632144132","2","True","True","1d21818d-ead7-48e1-9977-a09039220041","20/09/2021"
"1632144319","2","False","True","1d21818d-ead7-48e1-9977-a09039220041","20/09/2021"
"1632144625","1","True","True","111","20/09/2021"
"1632145210","1","True","False","37bb3af2-a546-4726-b6f3-3570a3cbb9d3","20/09/2021"
"1632145686","2","True","False","37bb3af2-a546-4726-b6f3-3570a3cbb9d3","20/09/2021"
"1632148504","1","True","True","8d1bd649-6447-4d66-ab84-dfb9a22552e4","20/09/2021"
"1632153175","2","False","True","37bb3af2-a546-4726-b6f3-3570a3cbb9d3","20/09/2021"
"1632156959","1","False","True","a60b24b9-71de-4a08-b42c-066eed3df8aa","20/09/2021"
"1632157429","1","True","False","e7aa782a-8623-4470-9faa-0748fb217bf8","20/09/2021"
"1632158502","1","True","False","56","20/09/2021"
"1632158517","1","True","True","43260a3e-3b48-4aed-b566-7edd5ba30982","20/09/2021"
"1632158641","1","True","True","ed4b836b-a043-4f09-b1ea-44e520665d6c","20/09/2021"
"1632158723","2","False","True","43260a3e-3b48-4aed-b566-7edd5ba30982","20/09/2021"
"1632159089","1","False","True","56","20/09/2021"
"1632159204","1","True","True","43260a3e-3b48-4aed-b566-7edd5ba30982","20/09/2021"
"1632162551","1","True","True","0f0b3552-a27d-4c07-9608-a67032c4c14f","20/09/2021"
"1632165483","2","True","True","e5d2929b-5b57-4438-ae1b-eac0d3dcd465","20/09/2021"
"1632170000","1","True","True","cb0ad3b1-4cbe-4798-ac4a-b4df5d64b259","20/09/2021"
"1632170007","1","True","True","d96714ed-52a4-4f44-a86b-6d82ca937599","20/09/2021"
"1632172315","1","True","True","193","20/09/2021"
"1632178874","1","False","True","aca5035a-8163-48f4-966a-3c0d8a85b9bc","21/09/2021"
"1632180349","2","True","False","1d21818d-ead7-48e1-9977-a09039220041","21/09/2021"
"1632180841","1","True","True","1d21818d-ead7-48e1-9977-a09039220041","21/09/2021"
"1632181123","2","False","True","1d21818d-ead7-48e1-9977-a09039220041","21/09/2021"
"1632212515","1","True","True","43260a3e-3b48-4aed-b566-7edd5ba30982","21/09/2021"
"1632212836","2","True","False","1d21818d-ead7-48e1-9977-a09039220041","21/09/2021"
"1632212959","1","True","True","43260a3e-3b48-4aed-b566-7edd5ba30982","21/09/2021"
"1632213222","2","True","False","1d21818d-ead7-48e1-9977-a09039220041","21/09/2021"
"1632213727","2","False","True","1d21818d-ead7-48e1-9977-a09039220041","21/09/2021"
"1632213734","1","True","True","ec3302a0-7dd8-468b-b73f-d415cebdacc5","21/09/2021"
"1632216121","1","True","False","37bb3af2-a546-4726-b6f3-3570a3cbb9d3","21/09/2021"
"1632219065","1","True","True","59fbc796-d7c9-42fb-ad22-7f10f671e6b8","21/09/2021"
"1632220563","2","True","False","37bb3af2-a546-4726-b6f3-3570a3cbb9d3","21/09/2021"
"1632221032","1","True","False","37bb3af2-a546-4726-b6f3-3570a3cbb9d3","21/09/2021"
"1632221611","1","True","False","37bb3af2-a546-4726-b6f3-3570a3cbb9d3","21/09/2021"
"1632222723","1","True","True","772951da-9c80-4110-87c6-b82854610b18","21/09/2021"
"1632230016","1","True","True","43260a3e-3b48-4aed-b566-7edd5ba30982","21/09/2021"
"1632230924","1","True","True","111","21/09/2021"
"1632231990","2","True","True","1d21818d-ead7-48e1-9977-a09039220041","21/09/2021"
"1632233128","1","True","False","37bb3af2-a546-4726-b6f3-3570a3cbb9d3","21/09/2021"
"1632235526","2","True","True","6c27e3ab-9a8b-45d1-8193-55f3e9196197","21/09/2021"
"1632237186","1","True","False","37bb3af2-a546-4726-b6f3-3570a3cbb9d3","21/09/2021"
"1632239364","1","True","False","37bb3af2-a546-4726-b6f3-3570a3cbb9d3","21/09/2021"
"1632242730","1","True","True","9cb447ac-d068-4546-a2e2-a3ea545b9c00","21/09/2021"
"1632243913","1","False","True","2400f111-8628-41e3-9a52-b531681cc465","21/09/2021"
"1632245507","1","True","True","ed4b836b-a043-4f09-b1ea-44e520665d6c","21/09/2021"
"1632248101","1","True","True","56","21/09/2021"
"1632250572","2","True","True","56","21/09/2021"
"1632252648","2","True","True","f27f76cf-c9e7-4192-a701-7aa043f6771c","21/09/2021"
"1632253182","1","True","False","2400f111-8628-41e3-9a52-b531681cc465","21/09/2021"
"1632255292","1","True","True","cb0ad3b1-4cbe-4798-ac4a-b4df5d64b259","21/09/2021"
"1632257667","1","True","True","193","21/09/2021"
"1632258237","1","True","True","d96714ed-52a4-4f44-a86b-6d82ca937599","21/09/2021"
"1632258396","2","True","True","e5d2929b-5b57-4438-ae1b-eac0d3dcd465","21/09/2021"
"1632263712","1","True","True","aca5035a-8163-48f4-966a-3c0d8a85b9bc","22/09/2021"
"1632288329","1","True","True","0c370252-c6a5-4707-8982-c1f32ceb1c3f","22/09/2021"
"1632288397","1","False","True","0c370252-c6a5-4707-8982-c1f32ceb1c3f","22/09/2021"
"1632298258","1","True","True","43260a3e-3b48-4aed-b566-7edd5ba30982","22/09/2021"
"1632298689","1","True","True","43260a3e-3b48-4aed-b566-7edd5ba30982","22/09/2021"
"1632299209","2","True","True","1d21818d-ead7-48e1-9977-a09039220041","22/09/2021"
"1632299626","1","True","False","37bb3af2-a546-4726-b6f3-3570a3cbb9d3","22/09/2021"
"1632299909","1","True","False","37bb3af2-a546-4726-b6f3-3570a3cbb9d3","22/09/2021"
"1632301480","1","True","True","8d1bd649-6447-4d66-ab84-dfb9a22552e4","22/09/2021"
"1632302739","1","False","True","3bc14330-a8a9-4773-b454-03646d597c28","22/09/2021"
"1632303113","1","True","False","87","22/09/2021"
"1632310102","1","True","True","772951da-9c80-4110-87c6-b82854610b18","22/09/2021"
"1632314157","1","True","True","2400f111-8628-41e3-9a52-b531681cc465","22/09/2021"
"1632316946","1","True","True","111","22/09/2021"
"1632317097","1","True","True","224ace5c-1538-4ba2-963f-43d10487a598","22/09/2021"
"1632319185","2","True","True","1d21818d-ead7-48e1-9977-a09039220041","22/09/2021"
"1632324770","1","True","True","e9b15ce4-823b-49bd-8ec8-6d2c6c7d8d65","22/09/2021"
"1632325849","1","True","True","ec3302a0-7dd8-468b-b73f-d415cebdacc5","22/09/2021"
"1632334509","1","False","True","34f62bea-dd61-461d-b6bd-851a28677b5f","22/09/2021"
"1632335069","2","True","True","e5d2929b-5b57-4438-ae1b-eac0d3dcd465","22/09/2021"
"1632339178","1","False","True","12939a8d-c032-402b-ae66-20e6f40547f3","22/09/2021"
"1632339493","1","True","True","320","22/09/2021"
"1632339840","1","False","True","12939a8d-c032-402b-ae66-20e6f40547f3","22/09/2021"
"1632342081","1","True","True","d96714ed-52a4-4f44-a86b-6d82ca937599","22/09/2021"
"1632342194","1","True","True","193","22/09/2021"
"1632342497","2","True","True","6c27e3ab-9a8b-45d1-8193-55f3e9196197","22/09/2021"
"1632343631","1","True","False","a58be70d-55d8-4285-8f48-3ea7da959c79","22/09/2021"
"1632343864","1","True","True","cb0ad3b1-4cbe-4798-ac4a-b4df5d64b259","22/09/2021"
"1632344091","2","True","False","a58be70d-55d8-4285-8f48-3ea7da959c79","22/09/2021"
"1632344321","2","False","True","a58be70d-55d8-4285-8f48-3ea7da959c79","22/09/2021"
"1632345078","1","True","True","43260a3e-3b48-4aed-b566-7edd5ba30982","22/09/2021"
"1632345562","1","True","True","43260a3e-3b48-4aed-b566-7edd5ba30982","22/09/2021"
"1632351438","1","True","True","aca5035a-8163-48f4-966a-3c0d8a85b9bc","23/09/2021"
"1632374958","1","True","True","0c370252-c6a5-4707-8982-c1f32ceb1c3f","23/09/2021"
"1632383093","1","True","True","43260a3e-3b48-4aed-b566-7edd5ba30982","23/09/2021"
"1632383559","1","True","True","43260a3e-3b48-4aed-b566-7edd5ba30982","23/09/2021"
"1632383999","1","True","True","43260a3e-3b48-4aed-b566-7edd5ba30982","23/09/2021"
"1632384545","1","True","True","43260a3e-3b48-4aed-b566-7edd5ba30982","23/09/2021"
"1632384697","2","True","True","1d21818d-ead7-48e1-9977-a09039220041","23/09/2021"
"1632384960","1","True","False","405","23/09/2021"
"1632388755","1","False","True","ec3302a0-7dd8-468b-b73f-d415cebdacc5","23/09/2021"
"1632389502","1","True","True","ec3302a0-7dd8-468b-b73f-d415cebdacc5","23/09/2021"
"1632393006","2","True","True","59fbc796-d7c9-42fb-ad22-7f10f671e6b8","23/09/2021"
"1632397673","2","True","True","d4e6de9a-c5dc-4096-b212-6b756f4eac1a","23/09/2021"
"1632398712","1","True","False","37bb3af2-a546-4726-b6f3-3570a3cbb9d3","23/09/2021"
"1632400009","1","True","False","37bb3af2-a546-4726-b6f3-3570a3cbb9d3","23/09/2021"
"1632400889","2","True","False","37bb3af2-a546-4726-b6f3-3570a3cbb9d3","23/09/2021"
"1632403875","1","True","True","43260a3e-3b48-4aed-b566-7edd5ba30982","23/09/2021"
"1632403913","1","True","True","111","23/09/2021"
"1632404560","1","True","True","43260a3e-3b48-4aed-b566-7edd5ba30982","23/09/2021"
"1632404677","1","True","False","37bb3af2-a546-4726-b6f3-3570a3cbb9d3","23/09/2021"
"1632405094","1","True","True","43260a3e-3b48-4aed-b566-7edd5ba30982","23/09/2021"
"1632407018","1","True","False","87","23/09/2021"
"1632410763","1","True","True","0f0b3552-a27d-4c07-9608-a67032c4c14f","23/09/2021"
"1632413641","2","True","False","a58be70d-55d8-4285-8f48-3ea7da959c79","23/09/2021"
"1632413869","2","False","True","a58be70d-55d8-4285-8f48-3ea7da959c79","23/09/2021"
"1632417991","1","True","True","43260a3e-3b48-4aed-b566-7edd5ba30982","23/09/2021"
"1632418462","1","True","True","43260a3e-3b48-4aed-b566-7edd5ba30982","23/09/2021"
"1632418902","1","True","True","43260a3e-3b48-4aed-b566-7edd5ba30982","23/09/2021"
"1632419383","1","True","True","43260a3e-3b48-4aed-b566-7edd5ba30982","23/09/2021"
"1632422709","2","True","True","e5d2929b-5b57-4438-ae1b-eac0d3dcd465","23/09/2021"
"1632423384","1","True","True","ed4b836b-a043-4f09-b1ea-44e520665d6c","23/09/2021"
"1632425927","1","False","True","12939a8d-c032-402b-ae66-20e6f40547f3","23/09/2021"
"1632426238","2","True","True","320","23/09/2021"
"1632426492","1","True","True","cb0ad3b1-4cbe-4798-ac4a-b4df5d64b259","23/09/2021"
"1632431009","1","True","True","193","23/09/2021"
"1632433279","1","True","True","d1730fe5-97ce-4edb-b0da-81e814ad7bd4","23/09/2021"
"1632434658","1","True","True","d96714ed-52a4-4f44-a86b-6d82ca937599","24/09/2021"
"1632436950","2","True","True","6c27e3ab-9a8b-45d1-8193-55f3e9196197","24/09/2021"
"1632461476","1","True","True","0c370252-c6a5-4707-8982-c1f32ceb1c3f","24/09/2021"
"1632466239","2","True","False","1d21818d-ead7-48e1-9977-a09039220041","24/09/2021"
"1632467178","2","True","True","1d21818d-ead7-48e1-9977-a09039220041","24/09/2021"
"1632470169","1","True","True","43260a3e-3b48-4aed-b566-7edd5ba30982","24/09/2021"
"1632470679","1","True","True","43260a3e-3b48-4aed-b566-7edd5ba30982","24/09/2021"
"1632471437","2","True","True","43260a3e-3b48-4aed-b566-7edd5ba30982","24/09/2021"
"1632471889","2","False","True","43260a3e-3b48-4aed-b566-7edd5ba30982","24/09/2021"
"1632484071","1","True","True","d96714ed-52a4-4f44-a86b-6d82ca937599","24/09/2021"
"1632484664","1","False","True","34f62bea-dd61-461d-b6bd-851a28677b5f","24/09/2021"
"1632488856","2","True","False","37bb3af2-a546-4726-b6f3-3570a3cbb9d3","24/09/2021"
"1632489081","2","True","True","43260a3e-3b48-4aed-b566-7edd5ba30982","24/09/2021"
"1632489292","1","True","False","37bb3af2-a546-4726-b6f3-3570a3cbb9d3","24/09/2021"
"1632489737","1","True","False","37bb3af2-a546-4726-b6f3-3570a3cbb9d3","24/09/2021"
"1632489745","2","True","True","43260a3e-3b48-4aed-b566-7edd5ba30982","24/09/2021"
"1632491824","2","True","True","d4e6de9a-c5dc-4096-b212-6b756f4eac1a","24/09/2021"
"1632493640","1","True","True","111","24/09/2021"
"1632495834","2","True","True","a58be70d-55d8-4285-8f48-3ea7da959c79","24/09/2021"
"1632500909","2","True","True","e5d2929b-5b57-4438-ae1b-eac0d3dcd465","24/09/2021"
"1632502078","1","True","False","37bb3af2-a546-4726-b6f3-3570a3cbb9d3","24/09/2021"
"1632510536","1","True","True","ed4b836b-a043-4f09-b1ea-44e520665d6c","24/09/2021"
"1632510684","2","False","True","56","24/09/2021"
"1632511280","2","True","True","56","24/09/2021"
"1632513162","2","True","True","320","24/09/2021"
"1632514341","2","True","True","43260a3e-3b48-4aed-b566-7edd5ba30982","24/09/2021"
"1632514967","2","True","False","43260a3e-3b48-4aed-b566-7edd5ba30982","24/09/2021"
"1632515030","1","True","True","9166182b-bf23-443d-9ae7-ba58b7c17af4","24/09/2021"
"1632515139","2","False","True","43260a3e-3b48-4aed-b566-7edd5ba30982","24/09/2021"
"1632518022","1","True","True","8d1bd649-6447-4d66-ab84-dfb9a22552e4","24/09/2021"
"1632520498","1","True","True","cb0ad3b1-4cbe-4798-ac4a-b4df5d64b259","24/09/2021"
"1632552834","2","True","False","1d21818d-ead7-48e1-9977-a09039220041","25/09/2021"
"1632553497","2","True","True","1d21818d-ead7-48e1-9977-a09039220041","25/09/2021"
"1632555613","1","True","True","405","25/09/2021"
"1632556125","1","True","False","9166182b-bf23-443d-9ae7-ba58b7c17af4","25/09/2021"
"1632556766","1","True","True","9166182b-bf23-443d-9ae7-ba58b7c17af4","25/09/2021"
"1632557733","2","True","True","43260a3e-3b48-4aed-b566-7edd5ba30982","25/09/2021"
"1632558363","2","True","True","43260a3e-3b48-4aed-b566-7edd5ba30982","25/09/2021"
"1632559026","2","True","True","43260a3e-3b48-4aed-b566-7edd5ba30982","25/09/2021"
"1632562034","1","True","False","87","25/09/2021"
"1632565108","1","False","True","34f62bea-dd61-461d-b6bd-851a28677b5f","25/09/2021"
"1632577054","1","True","True","111","25/09/2021"
"1632577135","2","True","True","43260a3e-3b48-4aed-b566-7edd5ba30982","25/09/2021"
"1632577812","2","True","True","43260a3e-3b48-4aed-b566-7edd5ba30982","25/09/2021"
"1632582825","2","True","True","e5d2929b-5b57-4438-ae1b-eac0d3dcd465","25/09/2021"
"1632590181","2","True","True","6c27e3ab-9a8b-45d1-8193-55f3e9196197","25/09/2021"
"1632591561","1","True","True","0f0b3552-a27d-4c07-9608-a67032c4c14f","25/09/2021"
"1632591615","2","True","True","43260a3e-3b48-4aed-b566-7edd5ba30982","25/09/2021"
"1632597523","1","True","True","193","25/09/2021"
"1632599746","1","True","True","cb0ad3b1-4cbe-4798-ac4a-b4df5d64b259","25/09/2021"
"1632600548","1","True","True","671","25/09/2021"
"1632600710","1","True","True","9166182b-bf23-443d-9ae7-ba58b7c17af4","25/09/2021"
"1632600870","1","False","True","9166182b-bf23-443d-9ae7-ba58b7c17af4","25/09/2021"
"1632638578","2","True","False","1d21818d-ead7-48e1-9977-a09039220041","26/09/2021"
"1632639629","2","True","True","1d21818d-ead7-48e1-9977-a09039220041","26/09/2021"
"1632639798","2","False","True","1d21818d-ead7-48e1-9977-a09039220041","26/09/2021"
"1632645065","2","True","True","43260a3e-3b48-4aed-b566-7edd5ba30982","26/09/2021"
"1632645776","2","True","True","43260a3e-3b48-4aed-b566-7edd5ba30982","26/09/2021"
"1632650223","1","True","False","f80ab825-c155-4599-a873-0c1e5d7455e3","26/09/2021"
"1632651930","1","True","True","0f0b3552-a27d-4c07-9608-a67032c4c14f","26/09/2021"
"1632673750","1","True","True","438f4487-4fe7-4629-8a6e-0c868ad1d445","26/09/2021"
"1632677628","1","True","True","111","26/09/2021"
"1632678527","2","True","True","43260a3e-3b48-4aed-b566-7edd5ba30982","26/09/2021"
"1632679212","2","True","True","43260a3e-3b48-4aed-b566-7edd5ba30982","26/09/2021"
"1632680734","2","True","True","206","26/09/2021"
"1632681217","1","True","False","671","26/09/2021"
"1632681383","1","False","True","671","26/09/2021"
"1632681681","2","True","True","a58be70d-55d8-4285-8f48-3ea7da959c79","26/09/2021"
"1632682820","2","True","True","e5d2929b-5b57-4438-ae1b-eac0d3dcd465","26/09/2021"
"1632683227","1","True","True","ed4b836b-a043-4f09-b1ea-44e520665d6c","26/09/2021"
"1632688412","1","True","False","193","26/09/2021"
"1632688557","1","False","True","193","26/09/2021"
"1632689448","1","True","True","d1730fe5-97ce-4edb-b0da-81e814ad7bd4","26/09/2021"
"1632691222","2","True","True","43260a3e-3b48-4aed-b566-7edd5ba30982","26/09/2021"
"1632691383","1","True","True","d96714ed-52a4-4f44-a86b-6d82ca937599","26/09/2021"
"1632691541","1","True","True","8d1bd649-6447-4d66-ab84-dfb9a22552e4","26/09/2021"
"1632692040","2","False","True","43260a3e-3b48-4aed-b566-7edd5ba30982","26/09/2021"
"1632693172","1","True","True","9166182b-bf23-443d-9ae7-ba58b7c17af4","26/09/2021"
"1632694269","1","True","True","1420","27/09/2021"
"1632697334","2","True","True","1d21818d-ead7-48e1-9977-a09039220041","27/09/2021"
"1632734198","1","True","True","7162e073-faa2-4032-95bd-4e9e728760a3","27/09/2021"
"1632737532","2","True","True","59fbc796-d7c9-42fb-ad22-7f10f671e6b8","27/09/2021"
"1632738719","2","True","False","37bb3af2-a546-4726-b6f3-3570a3cbb9d3","27/09/2021"
"1632743233","2","True","False","37bb3af2-a546-4726-b6f3-3570a3cbb9d3","27/09/2021"
"1632751268","1","True","True","111","27/09/2021"
"1632748474","1","True","False","d2973f26-900d-4d32-86aa-ce1b9b07cc02","27/09/2021"
"1632752544","1","True","True","ec3302a0-7dd8-468b-b73f-d415cebdacc5","27/09/2021"
"1632749876","1","False","True","d2973f26-900d-4d32-86aa-ce1b9b07cc02","27/09/2021"
"1632754137","2","False","True","3cc1d74f-5f84-4fc0-b9d1-d88810e4766d","27/09/2021"
"1632756204","2","False","True","3cc1d74f-5f84-4fc0-b9d1-d88810e4766d","27/09/2021"
"1632756766","1","True","True","2c30ae28-53e8-410e-be78-d6ceb38666fe","27/09/2021"
"1632757253","1","True","True","aca5035a-8163-48f4-966a-3c0d8a85b9bc","27/09/2021"
"1632758331","1","True","True","224ace5c-1538-4ba2-963f-43d10487a598","27/09/2021"
"1632759819","2","False","True","3cc1d74f-5f84-4fc0-b9d1-d88810e4766d","27/09/2021"
"1632760401","1","False","True","34f62bea-dd61-461d-b6bd-851a28677b5f","27/09/2021"
"1632762008","2","True","True","3cc1d74f-5f84-4fc0-b9d1-d88810e4766d","27/09/2021"
"1632762363","1","True","False","0f0b3552-a27d-4c07-9608-a67032c4c14f","27/09/2021"
"1632764196","2","True","True","a58be70d-55d8-4285-8f48-3ea7da959c79","27/09/2021"
"1632766378","1","True","False","37bb3af2-a546-4726-b6f3-3570a3cbb9d3","27/09/2021"
"1632766765","1","True","True","0f0b3552-a27d-4c07-9608-a67032c4c14f","27/09/2021"
"1632769416","1","True","True","ed4b836b-a043-4f09-b1ea-44e520665d6c","27/09/2021"
"1632770548","2","True","True","320","27/09/2021"
"1632771683","2","True","True","e5d2929b-5b57-4438-ae1b-eac0d3dcd465","27/09/2021"
"1632773134","1","True","True","671","27/09/2021"
"1632774375","2","True","True","b586efa4-188c-4a94-b44c-08666a97da3a","27/09/2021"
"1632774707","1","True","True","193","27/09/2021"
"1632776821","1","True","True","1420","27/09/2021"
"1632777960","1","True","True","cb0ad3b1-4cbe-4798-ac4a-b4df5d64b259","27/09/2021"
"1632783344","2","True","True","1d21818d-ead7-48e1-9977-a09039220041","28/09/2021"
"1632783377","1","True","True","d96714ed-52a4-4f44-a86b-6d82ca937599","28/09/2021"
"1632807631","1","True","True","0c370252-c6a5-4707-8982-c1f32ceb1c3f","28/09/2021"
"1632811455","2","True","True","43260a3e-3b48-4aed-b566-7edd5ba30982","28/09/2021"
"1632811954","2","True","False","43260a3e-3b48-4aed-b566-7edd5ba30982","28/09/2021"
"1632812595","2","True","True","43260a3e-3b48-4aed-b566-7edd5ba30982","28/09/2021"
"1632814221","1","True","False","2400f111-8628-41e3-9a52-b531681cc465","28/09/2021"
"1632818416","1","True","False","37bb3af2-a546-4726-b6f3-3570a3cbb9d3","28/09/2021"
"1632818643","2","True","True","1d21818d-ead7-48e1-9977-a09039220041","28/09/2021"
"1632820909","1","True","False","c23e758a-a00b-4f6c-93e9-b4fc48270fc1","28/09/2021"
"1632821412","2","True","False","2400f111-8628-41e3-9a52-b531681cc465","28/09/2021"
"1632821739","2","True","True","37bb3af2-a546-4726-b6f3-3570a3cbb9d3","28/09/2021"
"1632824981","1","False","True","37bb3af2-a546-4726-b6f3-3570a3cbb9d3","28/09/2021"
"1632828222","1","True","False","5094f779-5b51-4e2e-9520-2e58a88252da","28/09/2021"
"1632833470","2","True","True","6757","28/09/2021"
"1632833644","2","False","True","6757","28/09/2021"
"1632835289","1","True","True","111","28/09/2021"
"1632833641","2","True","True","883fdafe-6a33-481d-8314-0ee0d3ed35b5","28/09/2021"
"1632840469","1","True","True","438f4487-4fe7-4629-8a6e-0c868ad1d445","28/09/2021"
"1632843924","1","True","False","37bb3af2-a546-4726-b6f3-3570a3cbb9d3","28/09/2021"
"1632844104","1","False","True","ec3302a0-7dd8-468b-b73f-d415cebdacc5","28/09/2021"
"1632845315","1","True","True","ec3302a0-7dd8-468b-b73f-d415cebdacc5","28/09/2021"
"1632851470","2","True","True","43260a3e-3b48-4aed-b566-7edd5ba30982","28/09/2021"
"1632852100","2","True","True","43260a3e-3b48-4aed-b566-7edd5ba30982","28/09/2021"
"1632855020","2","True","True","e5d2929b-5b57-4438-ae1b-eac0d3dcd465","28/09/2021"
"1632855651","2","True","True","320","28/09/2021"
"1632856951","2","True","True","f27f76cf-c9e7-4192-a701-7aa043f6771c","28/09/2021"
"1632859331","1","True","True","110","28/09/2021"
"1632859662","1","True","True","193","28/09/2021"
"1632860066","1","True","True","671","28/09/2021"
"1632860900","2","True","True","b586efa4-188c-4a94-b44c-08666a97da3a","28/09/2021"
"1632862770","2","True","True","43260a3e-3b48-4aed-b566-7edd5ba30982","28/09/2021"
"1632862930","1","True","True","cb0ad3b1-4cbe-4798-ac4a-b4df5d64b259","28/09/2021"
"1632863398","1","True","True","1420","28/09/2021"
"1632863492","2","True","True","43260a3e-3b48-4aed-b566-7edd5ba30982","28/09/2021"
"1632864620","1","True","True","d1730fe5-97ce-4edb-b0da-81e814ad7bd4","28/09/2021"
"1632865177","2","True","False","206","28/09/2021"
"1632868295","2","False","True","6c27e3ab-9a8b-45d1-8193-55f3e9196197","29/09/2021"
"1632902782","2","True","True","43260a3e-3b48-4aed-b566-7edd5ba30982","29/09/2021"
"1632903320","1","True","False","37bb3af2-a546-4726-b6f3-3570a3cbb9d3","29/09/2021"
"1632903492","2","True","True","43260a3e-3b48-4aed-b566-7edd5ba30982","29/09/2021"
"1632903712","2","False","True","37bb3af2-a546-4726-b6f3-3570a3cbb9d3","29/09/2021"
"1632905020","2","True","True","59fbc796-d7c9-42fb-ad22-7f10f671e6b8","29/09/2021"
"1632907106","1","True","False","37bb3af2-a546-4726-b6f3-3570a3cbb9d3","29/09/2021"
"1632908445","1","True","False","ec3302a0-7dd8-468b-b73f-d415cebdacc5","29/09/2021"
"1632911204","1","True","False","72bb516f-f1e9-4048-a01c-854dce588c51","29/09/2021"
"1632912112","1","True","False","72bb516f-f1e9-4048-a01c-854dce588c51","29/09/2021"
"1632921887","1","True","True","72bb516f-f1e9-4048-a01c-854dce588c51","29/09/2021"
"1632922071","1","True","True","aca5035a-8163-48f4-966a-3c0d8a85b9bc","29/09/2021"
"1632922093","1","True","True","111","29/09/2021"
"1632923054","1","True","True","438f4487-4fe7-4629-8a6e-0c868ad1d445","29/09/2021"
"1632926583","1","True","True","0c370252-c6a5-4707-8982-c1f32ceb1c3f","29/09/2021"
"1632928124","1","True","True","72bb516f-f1e9-4048-a01c-854dce588c51","29/09/2021"
"1632928748","2","True","True","72bb516f-f1e9-4048-a01c-854dce588c51","29/09/2021"
"1632929546","2","True","True","2400f111-8628-41e3-9a52-b531681cc465","29/09/2021"
"1632931048","1","True","False","e9b15ce4-823b-49bd-8ec8-6d2c6c7d8d65","29/09/2021"
"1632937219","2","True","True","43260a3e-3b48-4aed-b566-7edd5ba30982","29/09/2021"
"1632937896","2","True","True","43260a3e-3b48-4aed-b566-7edd5ba30982","29/09/2021"
"1632941770","1","True","True","193","29/09/2021"
"1632941944","1","True","True","d96714ed-52a4-4f44-a86b-6d82ca937599","29/09/2021"
"1632943888","2","True","True","320","29/09/2021"
"1632947504","2","True","True","e5d2929b-5b57-4438-ae1b-eac0d3dcd465","29/09/2021"
"1632947675","1","True","True","671","29/09/2021"
"1632947847","1","True","True","cb0ad3b1-4cbe-4798-ac4a-b4df5d64b259","29/09/2021"
"1632947965","2","True","True","43260a3e-3b48-4aed-b566-7edd5ba30982","29/09/2021"
"1632948690","2","True","True","43260a3e-3b48-4aed-b566-7edd5ba30982","29/09/2021"
"1632951147","1","True","True","9166182b-bf23-443d-9ae7-ba58b7c17af4","29/09/2021"
"1632951791","2","False","True","308","29/09/2021"
"1632952475","2","True","False","6c27e3ab-9a8b-45d1-8193-55f3e9196197","29/09/2021"
"1632952704","2","False","True","6c27e3ab-9a8b-45d1-8193-55f3e9196197","29/09/2021"
"1632954203","2","True","True","1d21818d-ead7-48e1-9977-a09039220041","30/09/2021"
"1632954338","1","True","True","1420","30/09/2021"
"1632989541","1","True","True","405","30/09/2021"
"1632989880","2","True","False","1d21818d-ead7-48e1-9977-a09039220041","30/09/2021"
"1632990262","1","True","True","5094f779-5b51-4e2e-9520-2e58a88252da","30/09/2021"
"1632990831","2","True","True","1d21818d-ead7-48e1-9977-a09039220041","30/09/2021"
"1632991002","2","False","True","1d21818d-ead7-48e1-9977-a09039220041","30/09/2021"
"1632991923","1","True","False","ec3302a0-7dd8-468b-b73f-d415cebdacc5","30/09/2021"
"1632993737","1","True","True","5094f779-5b51-4e2e-9520-2e58a88252da","30/09/2021"
"1632993905","1","False","True","5094f779-5b51-4e2e-9520-2e58a88252da","30/09/2021"
"1632997746","1","True","False","5094f779-5b51-4e2e-9520-2e58a88252da","30/09/2021"
"1632998894","2","True","False","a58be70d-55d8-4285-8f48-3ea7da959c79","30/09/2021"
"1632999092","2","False","True","a58be70d-55d8-4285-8f48-3ea7da959c79","30/09/2021"
"1633000905","1","True","True","5094f779-5b51-4e2e-9520-2e58a88252da","30/09/2021"
"1633003802","1","True","True","110","30/09/2021"
"1633005808","2","True","True","56","30/09/2021"
"1633011027","1","True","True","111","30/09/2021"
"1633011958","2","True","False","37bb3af2-a546-4726-b6f3-3570a3cbb9d3","30/09/2021"
"1633013071","2","False","True","5094f779-5b51-4e2e-9520-2e58a88252da","30/09/2021"
"1633014547","2","False","True","5094f779-5b51-4e2e-9520-2e58a88252da","30/09/2021"
"1633022646","1","True","True","438f4487-4fe7-4629-8a6e-0c868ad1d445","30/09/2021"
"1633024774","2","True","True","56","30/09/2021"
"1633029366","1","True","True","aca5035a-8163-48f4-966a-3c0d8a85b9bc","30/09/2021"
"1633029626","1","True","True","0115222e-5a54-4d34-b9ba-30f8cc8f28bf","30/09/2021"
"1633028921","2","True","True","883fdafe-6a33-481d-8314-0ee0d3ed35b5","30/09/2021"
"1633033399","1","True","True","0c370252-c6a5-4707-8982-c1f32ceb1c3f","30/09/2021"
"1633033685","2","True","True","e5d2929b-5b57-4438-ae1b-eac0d3dcd465","30/09/2021"
"1633034044","2","True","False","f80ab825-c155-4599-a873-0c1e5d7455e3","30/09/2021"
"1633034337","1","True","True","193","30/09/2021"
"1633034509","1","True","True","671","30/09/2021"
"1633034988","1","True","False","9166182b-bf23-443d-9ae7-ba58b7c17af4","30/09/2021"
"1633035594","2","False","True","9166182b-bf23-443d-9ae7-ba58b7c17af4","30/09/2021"
"1633035697","1","True","True","111","30/09/2021"
"1633036376","1","True","True","cb0ad3b1-4cbe-4798-ac4a-b4df5d64b259","30/09/2021"
"1633039269","1","True","True","dda68d3e-2bb3-4805-8e7c-14a1bf04d28a","01/10/2021"
"1633039606","1","True","True","dda68d3e-2bb3-4805-8e7c-14a1bf04d28a","01/10/2021"
"1633041322","2","True","True","1d21818d-ead7-48e1-9977-a09039220041","01/10/2021"
"1633045341","2","True","True","308","01/10/2021"
"1633071138","2","True","False","1d21818d-ead7-48e1-9977-a09039220041","01/10/2021"
"1633072237","2","True","True","1d21818d-ead7-48e1-9977-a09039220041","01/10/2021"
"1633074058","2","True","True","43260a3e-3b48-4aed-b566-7edd5ba30982","01/10/2021"
"1633074622","1","True","True","43260a3e-3b48-4aed-b566-7edd5ba30982","01/10/2021"
"1633075174","2","True","False","43260a3e-3b48-4aed-b566-7edd5ba30982","01/10/2021"
"1633075348","2","False","True","43260a3e-3b48-4aed-b566-7edd5ba30982","01/10/2021"
"1633075948","2","True","False","43260a3e-3b48-4aed-b566-7edd5ba30982","01/10/2021"
"1633076123","2","False","True","43260a3e-3b48-4aed-b566-7edd5ba30982","01/10/2021"
"1633077862","1","True","False","37bb3af2-a546-4726-b6f3-3570a3cbb9d3","01/10/2021"
"1633084201","1","True","False","56","01/10/2021"
"1633084750","1","False","True","56","01/10/2021"
"1633085634","1","True","False","37bb3af2-a546-4726-b6f3-3570a3cbb9d3","01/10/2021"
"1633085939","1","True","False","37bb3af2-a546-4726-b6f3-3570a3cbb9d3","01/10/2021"
"1633087923","1","True","True","224ace5c-1538-4ba2-963f-43d10487a598","01/10/2021"
"1633088204","2","True","True","2400f111-8628-41e3-9a52-b531681cc465","01/10/2021"
"1633088345","1","True","True","56","01/10/2021"
"1633096268","1","True","True","111","01/10/2021"
"1633097016","1","True","True","438f4487-4fe7-4629-8a6e-0c868ad1d445","01/10/2021"
"1633098585","2","True","True","43260a3e-3b48-4aed-b566-7edd5ba30982","01/10/2021"
"1633099239","2","True","True","43260a3e-3b48-4aed-b566-7edd5ba30982","01/10/2021"
"1633099894","2","True","True","43260a3e-3b48-4aed-b566-7edd5ba30982","01/10/2021"
"1633105226","2","False","True","1d21818d-ead7-48e1-9977-a09039220041","01/10/2021"
"1633106864","1","True","False","37bb3af2-a546-4726-b6f3-3570a3cbb9d3","01/10/2021"
"1633110789","2","True","True","43260a3e-3b48-4aed-b566-7edd5ba30982","01/10/2021"
"1633111460","2","True","True","43260a3e-3b48-4aed-b566-7edd5ba30982","01/10/2021"
"1633117384","1","True","True","193","01/10/2021"
"1633117964","1","True","True","110","01/10/2021"
"1633118038","2","True","True","320","01/10/2021"
"1633121771","1","True","True","cb0ad3b1-4cbe-4798-ac4a-b4df5d64b259","01/10/2021"
"1633125590","1","True","True","111","01/10/2021"
"1633126340","1","True","True","0115222e-5a54-4d34-b9ba-30f8cc8f28bf","02/10/2021"
"1633130176","1","True","True","1420","02/10/2021"
"1633130865","2","True","False","1d21818d-ead7-48e1-9977-a09039220041","02/10/2021"
"1633131666","2","True","True","1d21818d-ead7-48e1-9977-a09039220041","02/10/2021"
"1633131834","2","False","True","1d21818d-ead7-48e1-9977-a09039220041","02/10/2021"
"1633132240","2","True","True","308","02/10/2021"
"1633157070","1","False","True","12939a8d-c032-402b-ae66-20e6f40547f3","02/10/2021"
"1633157185","1","True","False","12939a8d-c032-402b-ae66-20e6f40547f3","02/10/2021"
"1633157301","1","False","True","12939a8d-c032-402b-ae66-20e6f40547f3","02/10/2021"
"1633161222","2","True","True","9166182b-bf23-443d-9ae7-ba58b7c17af4","02/10/2021"
"1633161416","2","False","True","9166182b-bf23-443d-9ae7-ba58b7c17af4","02/10/2021"
"1633164407","2","True","True","43260a3e-3b48-4aed-b566-7edd5ba30982","02/10/2021"
"1633172400","1","True","True","0c370252-c6a5-4707-8982-c1f32ceb1c3f","02/10/2021"
"1633174566","2","True","True","1d21818d-ead7-48e1-9977-a09039220041","02/10/2021"
"1633178121","1","True","True","59fbc796-d7c9-42fb-ad22-7f10f671e6b8","02/10/2021"
"1633181109","2","True","True","43260a3e-3b48-4aed-b566-7edd5ba30982","02/10/2021"
"1633181161","1","True","False","143","02/10/2021"
"1633181832","2","True","True","43260a3e-3b48-4aed-b566-7edd5ba30982","02/10/2021"
"1633182506","2","True","True","43260a3e-3b48-4aed-b566-7edd5ba30982","02/10/2021"
"1633183129","1","True","True","111","02/10/2021"
"1633188550","1","True","False","9b29428e-c0c7-483c-a02b-1d6582871c7f","02/10/2021"
"1633192545","2","True","True","f27f76cf-c9e7-4192-a701-7aa043f6771c","02/10/2021"
"1633193975","2","True","True","43260a3e-3b48-4aed-b566-7edd5ba30982","02/10/2021"
"1633199042","2","True","True","a58be70d-55d8-4285-8f48-3ea7da959c79","02/10/2021"
"1633199226","2","True","False","b2e16ed7-e0c0-43bd-ac43-422263ae06a7","02/10/2021"
"1633199585","2","False","True","b2e16ed7-e0c0-43bd-ac43-422263ae06a7","02/10/2021"
"1633200691","1","True","True","671","02/10/2021"
"1633202169","2","True","True","206","02/10/2021"
"1633204204","1","True","True","d96714ed-52a4-4f44-a86b-6d82ca937599","02/10/2021"
"1633205179","2","True","True","2400f111-8628-41e3-9a52-b531681cc465","02/10/2021"
"1633206195","1","True","True","193","02/10/2021"
"1633209002","2","False","True","d1730fe5-97ce-4edb-b0da-81e814ad7bd4","02/10/2021"
"1633209929","1","True","True","111","02/10/2021"
"1633211076","2","True","True","308","02/10/2021"
"1633213428","2","True","True","1d21818d-ead7-48e1-9977-a09039220041","03/10/2021"
"1633247442","2","True","False","202","03/10/2021"
"1633249498","2","True","True","43260a3e-3b48-4aed-b566-7edd5ba30982","03/10/2021"
"1633250163","2","True","True","43260a3e-3b48-4aed-b566-7edd5ba30982","03/10/2021"
"1633250178","1","True","False","9b29428e-c0c7-483c-a02b-1d6582871c7f","03/10/2021"
"1633250847","2","True","True","43260a3e-3b48-4aed-b566-7edd5ba30982","03/10/2021"
"1633254940","1","True","False","143","03/10/2021"
"1633255383","2","True","False","1d21818d-ead7-48e1-9977-a09039220041","03/10/2021"
"1633255687","1","True","True","aca5035a-8163-48f4-966a-3c0d8a85b9bc","03/10/2021"
"1633256081","2","True","True","81","03/10/2021"
"1633256246","1","True","True","111","03/10/2021"
"1633256251","2","True","True","1d21818d-ead7-48e1-9977-a09039220041","03/10/2021"
"1633256425","2","False","True","1d21818d-ead7-48e1-9977-a09039220041","03/10/2021"
"1633269360","1","False","True","438f4487-4fe7-4629-8a6e-0c868ad1d445","03/10/2021"
"1633276809","2","True","True","43260a3e-3b48-4aed-b566-7edd5ba30982","03/10/2021"
"1633277494","2","True","True","43260a3e-3b48-4aed-b566-7edd5ba30982","03/10/2021"
"1633278909","2","True","True","43260a3e-3b48-4aed-b566-7edd5ba30982","03/10/2021"
"1633279635","2","True","True","43260a3e-3b48-4aed-b566-7edd5ba30982","03/10/2021"
"1633282429","2","True","True","43260a3e-3b48-4aed-b566-7edd5ba30982","03/10/2021"
"1633283151","2","True","True","43260a3e-3b48-4aed-b566-7edd5ba30982","03/10/2021"
"1633283914","2","True","True","43260a3e-3b48-4aed-b566-7edd5ba30982","03/10/2021"
"1633286394","1","True","False","ca15e1cf-7ade-4085-8149-ebfce5cb74c4","03/10/2021"
"1633288448","1","True","True","193","03/10/2021"
"1633289013","2","True","True","320","03/10/2021"
"1633292710","1","True","True","111","03/10/2021"
"1633297670","2","True","False","f80ab825-c155-4599-a873-0c1e5d7455e3","03/10/2021"
"1633298069","2","True","True","308","03/10/2021"
"1633298206","2","True","True","9166182b-bf23-443d-9ae7-ba58b7c17af4","03/10/2021"
"1633298378","2","False","True","9166182b-bf23-443d-9ae7-ba58b7c17af4","03/10/2021"
"1633298654","2","False","True","9166182b-bf23-443d-9ae7-ba58b7c17af4","04/10/2021"
"1633299347","1","True","True","d96714ed-52a4-4f44-a86b-6d82ca937599","04/10/2021"
"1633300422","2","True","True","1d21818d-ead7-48e1-9977-a09039220041","04/10/2021"
"1633327515","2","True","True","202","04/10/2021"
"1633328251","1","True","True","111","04/10/2021"
"1633333078","2","True","True","2400f111-8628-41e3-9a52-b531681cc465","04/10/2021"
"1633335229","2","True","False","1d21818d-ead7-48e1-9977-a09039220041","04/10/2021"
"1633336015","2","True","True","1d21818d-ead7-48e1-9977-a09039220041","04/10/2021"
"1633336198","2","False","True","1d21818d-ead7-48e1-9977-a09039220041","04/10/2021"
